{"records":[{"id":"rec0nrDbKZrsszvvf","createdTime":"2025-06-27T14:27:38.000Z","fields":{"Startup":"ScoreTrue (ex CreditPath)","Weekly forms":["recUNhU3V5wxLycfl","recYTxfhbpCfyt5kI","recVhtmHQ4QhCuLGF","recW722fHA8oht4aM","recIJWgbCQmUzyMX4","recQ7WJ8nUdsOUkm0","recDoHZikvedxRwLT"],"Main SU 2025 (2)":"Franz Weber, Tea Vrcic","Team Members":["recwJxcDvm8e0gjn3","recZE4fXnvq3G58il","rec7BYeJHPUbDtD44"],"Startup in a word":"AI-powered user centric credit scoring solution
(AI-powered app that uses Open Banking and behavioural data to help financial services assess and support young or ‚Äòcredit invisible‚Äô users for fairer, more responsible lending)","Notes":["recO3uGhVagm8i5Yb","rec7IJgZSwS9QTn3N","recoybcQNTIy6KaEE","recJX341hap70RJJe"],"Previous Decks":[{"id":"attq2sEoTcXWxXy0J","url":"https://v5.airtableusercontent.com/v3/u/49/49/1768046400000/NEclOYKWmYSZz22QfsOKxw/Hh64PWLnNSX52XPtOZbHQji-Q4B5uJ7N8wP16zybSJosUx5eUN-yVK8PJOfQI8JVowh1WQhQj0DV88gMCvZ2N7bBHOUeC31k20qfb3XQYaGRwPUiOc1m9jVQ2yAn41jEP_L3tRABc30fRpyBz933k0Av0Pzj2NHFXeV9fJgZRE6DgQtg5EVxZng7LilrMDHknUM5sLZ5IIL1c0hhSa9hvw/70wMwYn29IM-nHoKKxTqK0Pht3ndOxN8fPKKu4aFiZM","filename":"Copy of CreditPath - Short version_22_07_2025.pptx.pdf","size":2742188,"type":"application/pdf","thumbnails":{"small":{"url":"https://v5.airtableusercontent.com/v3/u/49/49/1768046400000/qbO6HkLkXdVpAydJ3gNJKg/TDj5BidA2-O97edGZG1f3qC4NELVRIlF8CRsFAV1oc-q1eF5RVEi7LAIwqj758EdUChiri-APi7z1F6rgwYe2Niafj-Kb027lH7QEiNx7tIL1kBP3Qhh5WDhTvBeqE7Br4h7DyyDfAGaHmfY9PiGHw/5jdd69y8r5PPqGZ6oJauVVtBTB53J10D-iTi3RFWkkE","width":64,"height":36},"large":{"url":"https://v5.airtableusercontent.com/v3/u/49/49/1768046400000/P0KJnxneIyjArf2rZ9Uw1Q/TH64_rWoS4RKd_6Y87CmZBYFV7B44531RG0i6tjzXosJE3BKA87hJ880bDc1pgvGbulowouVmY8kwRfk18ga8pv2zXnHNh1ZuFCL0zaYXalMlH3P5S7FuBSzRflDhFh95MAocE9QbFPQHsi5A-hk_w/Yyrrn4ARi1FUy2zlrr9i2Zs2miCDZ3xyt0CM29eTrCY","width":910,"height":512}}}],"Startup Evaluation":["recsEJGHchszbN4xl","recTzde19uexEDdW0","recXZlL51J8LtAAAd","rec5VOXaMNET6OelY","rec3KgWGPbid6UPlk","recYkgOtuqQYZ7sQi","recivckjUB2upPWKN"],"Pitch Sequence":"4","Industry":["FinTech"],"Traction Summary":"üöÄ Traction summary
- 3 LOIs signed, 1 converted to paid pilot (‚Ç¨1.5K)
- Beta app live with Tink (Visa) open banking integration

‚úÖ Customer Validation
- Outreach to 100+ risk managers and bank executives (59 by Aug 4, 74+ by Aug 8, 118+ later)
- Strategic discussions with Microbank (CaixaBank) and Austrian online bank

üõ†Ô∏è Product
- Consumer app launched (Aug 8), beta live with AWS deployment and open banking integration
- App includes credit scoring and AI-enhanced features for banks
- Traction metrics from users not yet demonstrated

üìå Other
- Strong cofounder conflict (communication breakdown, unclear roles)
- Feedback: clarify differentiation from existing bank algorithms and improve customer acquisition strategy","Detailed Progress":"üìÖ Progress Timeline

üë• Jun 24 ‚Äì Team Formation 

- Franz (COO), Tea (CEO), Adhityan (CTO)


üõ†Ô∏è Aug 4 ‚Äì Office Hours

- Initial focus: validate credit scoring problem with banks + consumers

- 59 bank contacts made, 1 showing interest

- Consumer app launch targeted this month (goal: 1,000 early users)


üé§ Aug 8 ‚Äì Pitch

- Open banking integration path established

- Consumer app launched this weekend

- 74 bank executives contacted; 2 meetings lined up

- 3 LOIs signed


üõ†Ô∏è Aug 11 ‚Äì Office Hours

- Beta app launched with Tink (Visa) integration

- 2 bank meetings secured

- Fintech partner interested in year-long paid pilot (regardless of user base)

- Microbank (CaixaBank subsidiary) identified as key target

- Outreach expanded to 118 risk managers


üé§ Aug 15 ‚Äì Pitch

- User app live, but traction metrics missing from pitch

- Market size + AI benefits to banks not clearly presented


üõ†Ô∏è Aug 18 ‚Äì Office Hours

- Technical progress: app deployed on AWS, open banking integration functional

- 3 LOIs still active, aiming for 5

- Hottest lead: Austrian online bank via software partner

- Preparing fintech pilot meeting in Barcelona


üé§ Aug 22 ‚Äì Pitch

- Converted first LOI ‚Üí paid pilot (‚Ç¨1.5K, potential ‚Ç¨50K ARR)

- Ongoing discussions with other banks

- Meeting with St√©phane Boghossian to refine user acquisition strategy


üõ†Ô∏è Aug 25 ‚Äì Co-Founder Conflict Meeting

- Cofounder conflict emerged (communication breakdown, unclear roles)

Urgent need for process fixes before IC


üé§ Aug 29 ‚Äì Pitch

- 1 paid pilot signed, negotiating 2nd pilot

Feedback (IC prep): must show differentiation vs bank algorithms + solid customer acquisition plan","Full Notes (Office Hours + Friday Pitches)":"https://polar-scale-0bb.notion.site/ScoreTrue-25e1466f886f80bdbbe4d716438a29df?source=copy_link","Traction Summary old":"3 LOIs, 1 converted to paid pilot (‚Ç¨1.5K, potential ‚Ç¨50K ARR), beta app live with open banking integration, 74+ bank execs contacted, pipeline expanding.","Detailed Progress old":"Jun 24: Team formed. Early focus on validating credit scoring problem with banks and consumers.

Aug 4: 59 bank contacts made, 1 showing interest. Product development: consumer app launch targeted this month with goal of 1,000 early users. Incorporation not yet completed, blocking paid pilots.

Aug 8: Open banking integration path established. Consumer app launched this weekend. 74 bank executives contacted; 2 meetings lined up. 3 LOIs signed.

Aug 11: Beta app launched with Tink (Visa) integration. 2 bank meetings secured. Fintech partner interested in year-long paid pilot regardless of user base. Identified Microbank (CaixaBank subsidiary) as key strategic target. Outreach expanded to 118 additional risk managers.

Aug 15: User app live, but traction metrics missing from pitch. Market size and AI benefits to banks not clearly presented.

Aug 18: Technical progress: app deployed on AWS, open banking integration functioning. 3 LOIs still active, aiming for 5. Hottest lead: Austrian online bank via software partner. Preparing fintech pilot meeting in Barcelona.

Aug 22: First LOI converted to paid pilot (‚Ç¨1.5K, potential to scale into ‚Ç¨50K ARR). Continuing discussions with other banks. Meeting scheduled with St√©phane Boghossian to refine user acquisition strategy.

Aug 25: Cofounder conflict emerged (communication breakdown, unclear roles). Urgent need for process fixes before IC.

Aug 29: 1 paid pilot signed, negotiating 2nd pilot. Feedback from IC prep: need to show clear differentiation from existing bank algorithms and a solid customer acquisition plan.","Maxime's Comment":"PROS:
- Highly experienced and diverse team with a strong network in the target market
- Signed one paid pilot with lender
- \"Hard\" market meaning defensible if acheived
Complimentary skillsets

CONS:
Internal team issues (they solicited Pioneers to resolve a team issue)
Inexistant traction in their edge
Hard market: High regulations in market - long time to market
GDPR potential issues


","Committee":"No"}},{"id":"rec13EhdLNCFApcPb","createdTime":"2025-06-27T14:27:48.000Z","fields":{"Startup":"PulseAI","Weekly forms":["recNpUH1CFWyWyr5M","recS7AdQadqiArHpN"],"Main SU 2025 (2)":"Amit Sinha, Tomas Jenicek","Team Members":["recSt2IAYyrlpGH9W","rec2aL3QZfZ0jZ7bW"],"Startup in a word":"AI agent for proactive application health monitoring that helps you detect issues before they impact the users and helps you quickly fix them - https://www.spil.dev/","Notes":["rec82LkRtCvLJ0kdj","recNaCyR1CGogQPXw","recAggx6rC3lKA0uB"],"Active / inactive":["dead"]}},{"id":"rec3zysTAj0wZsqXa","createdTime":"2025-06-27T14:27:01.000Z","fields":{"Startup":"JooobAI","Weekly forms":["reciEmSPpX19p4O4W","rec7Q18CUleSiv0ZF","receyN0QLPLORVgbE","recnTiKFXiWxUG0Rd","recloRhKq7eVCG3kI","rec0zB6wg2eGeXTpx"],"Main SU 2025 (2)":"Gabriel Duciel, Jules Ferrer, Zaccarie Morel","Team Members":["rec1mGcDGgMvv2pxX","recFBRePgXKkiq5r6","rec2aL3QZfZ0jZ7bW"],"Startup in a word":"Enabling staffing agencies to hire the best workers, faster.","Notes":["recIccCu5wosd8th7","recIET00Q3aRYlaK0","recRWwJPaOeoXWc3e","recY4xjVRpX2gpvM6","recxtEP6IbYKC1W98"],"Active / inactive":["active"],"Previous Decks":[{"id":"attY8QoDxWTe1rCid","url":"https://v5.airtableusercontent.com/v3/u/49/49/1768046400000/xYgmcAOdCo025CCs_qiGzQ/hge1r9zAFrf-69jgSW-CeBR9-VpKzap_7QWBTfx5AM1hYI_Jrjz3m3GeGnafWdNuxuN8eRs9vN-UHapacDmu5yiYWIwnRilyALP48EZbh3cewdpNg2_KNTDuZO-mcYr1QjJVshpCjQnULqOkLzGZaxnM930mVrcpIo6Yxo9T6_Y/21PR172oWAwSfXjwGkdqgR_zTNROdqor1dNJIhxwFOE","filename":"Deck Jooob preIC.pdf","size":635733,"type":"application/pdf","thumbnails":{"small":{"url":"https://v5.airtableusercontent.com/v3/u/49/49/1768046400000/s6nGBz8ny_Lyk1LZY4v6SQ/FzxkT8mIJYLZuPvDv8B28WWba1z6wfzNZEiDu-tIuUHg1ck9TeuuqDv1ZUQNMnpLsRlY0r4_2vpMwFmB7PntwesHKDOAZvLgRUJnRr9cdnPCijvA6ta5VbEt3-CFlDxRaOZmU7sX8Z3suopeM6GX9g/C755r29IvQexaycRYOrAjOwTkibfylb-Wmw-cEF3INg","width":64,"height":36},"large":{"url":"https://v5.airtableusercontent.com/v3/u/49/49/1768046400000/iUmC6hcTC2SS_yMShL70ag/zPxurbssSfGkW44zUL1GZZxrbZIaJozhKbdwLgnkxprUwrilZj-WSGqBmwzVNt0Q1oF24KDrVmpSv35fz99IRFM7lUumzTfv2-hitm6rt8aKtn4pBvy0nUxtFJPRpRkSTXC0BxkqWjWmWdqC6v2VDQ/oYJl4YMSiTq16BGiGvHQ0ezlKLd8m5-Pg2B0rTSiUtY","width":910,"height":512}}}],"Startup Evaluation":["recqukM3WngnhaTDl","recoqZ5MLZV5EhAci","recPHIVPyC4z5965J","recYtSg3YJjWEcZDk","recnRTdk2x93ilPrz","rec6O54nH4T4KBwfL"],"Pitch Sequence":"1","Industry":["HR Tech"],"Traction Summary":"üöÄ Traction summary
- 4 design partners signed (staffing agencies)
- ‚Ç¨38k revenue pipeline confirmed
- 25+ potential customers contacted; pipeline of 1,000 agencies identified
- MVP ready, targeting first paying customers

‚úÖ Customer Validation
- 100 cold calls, 15 logistics companies engaged

üõ†Ô∏è Product
- conversational agent, predicts no-shows, massively reducing placement time

üìå Other
- ‚Ç¨200B global staffing market, ‚Ç¨42B in France
- Feedback: focus on France before US
- Market crowded ‚Äì stronger traction needed before expansion
- Long-term vision: own worker database, provide end-to-end staffing solutions","Detailed Progress":"üìÖ Progress Timeline

üë• Jun 23 ‚Äì Team Formation

Zac (COO), Jules (CEO), Tomas (CTO just decided to leave on September 3!)


üõ†Ô∏è Aug 5 ‚Äì Office Hours

- Customer discovery: ~100 cold calls, 15 logistics companies engaged (5 large, 10 SMEs)

- Prospects: FM Logistic, Andros, XPO, Group Rota

- 2 staffing agencies committed as contract partners

- Marketplace model validated with 50% margin on full-service (supply + demand)

- Goal: first transactions by end of month


üé§ Aug 8 ‚Äì Pitch

- Position: Unified database for blue-collar workers

- MVP: predicting no-shows + real-time worker replacement

- Case study: logistics company with 30% no-shows costing ‚Ç¨2M/year


üé§ Aug 15 ‚Äì Pitch

- Reframed as AI hiring system for staffing agencies

- Value: reducing placement time from days ‚Üí minutes with sourcing + matching automation

- Progress: traction in France, but struggling in US (cold calls harder)

- Feedback: solution too broad, problem statement generic, urged to focus on France first

- Target: design partners next week, paying customers by end of summer


üé§ Aug 22 ‚Äì Pitch

- Solution: AI conversational agent messaging workers in parallel, automating agency workflows

- Market: ‚Ç¨200B staffing, focusing on ‚Ç¨22B temp staffing segment

- Progress: 2 design partners signed, MVP ready, aiming for 2 more + first paying customers

- Feedback: clarify terminology (‚Äútalent pool‚Äù vs AI agent)


üé§ Aug 29 ‚Äì Pitch

- Position: AI recruiter automating candidate search/outreach (4 hours ‚Üí minutes)

- Traction: new design partner signed, 25 customers contacted, pipeline of 1000 agencies identified

Feedback (Salomon):
‚Ä¢ Strong presentation
‚Ä¢ Market is crowded ‚Üí stronger traction needed before VC funding

üé§ Sep 8 ‚Äì Pre-IC

- Traction: 4 design partners signed, ‚Ç¨38k revenue pipeline

- Market: ‚Ç¨200B global staffing, ‚Ç¨42B in France

- Model: Hybrid approach (AI tool + database ownership + full agency services)

- Strategy: focus on small agency partnerships to gain traction, validate in Europe before US expansion

- Vision: long-term plan to own worker database and provide end-to-end staffing solutions","Full Notes (Office Hours + Friday Pitches)":"https://polar-scale-0bb.notion.site/JooobAI-25e1466f886f80f1ae7ff030e2741ab6?source=copy_link","Traction Summary old":"2 design partners signed, 1 new partner added Aug 29, 25+ potential customers contacted, MVP ready, aiming for first paying customers.","Detailed Progress old":"Jun 23: Team formed. Early team changes ‚Äî Gabriel left, Arthur joined from another team. Current structure: Zac (CEO/sales), Tomas (CTO ‚Äì PhD ML), Arthur (product), Jules (CEO role testing). Still aligning on roles, no equity agreements yet. Strong early impression but later flagged for lack of quantified customer learnings.

Aug 5: Office hours. Customer discovery: ~100 cold calls, 15 logistics companies engaged (5 large, 10 SMEs). Prospects include FM Logistic, Andros, XPO, Group Rota. Two staffing agencies committed as contract partners. Marketplace model with 50% margin on full-service (supply + demand) validated. Goal: first transactions by end of month. YC application submitted.

Aug 8: Pitch. Positioned as unified database for blue-collar workers. MVP: predicting no-shows and real-time worker replacement. Highlighted logistics case study (30% no-shows costing ‚Ç¨2M/year). US market focus announced (San Francisco launch).

Aug 15: Pitch. Reframed as AI hiring system for staffing agencies. Value: reducing placement time from days to minutes by automating sourcing and matching. Progress: traction in France, struggling to break into US (harder cold calling). Feedback: solution too broad, problem statement generic, urged to focus on France first. Target: design partners next week, paying customers by end of summer.

Aug 22: Pitch. Team reframed as Zac (4 years logistics/hiring), Jules (VC/startup), plus technical builder. Solution: AI conversational agent messaging workers in parallel, automating agency workflows. Market: ‚Ç¨200B staffing, targeting ‚Ç¨22B temp staffing. Progress: 2 design partners signed, MVP ready, aiming for 2 more + first paying customers. Feedback: clarify terminology (‚Äútalent pool‚Äù vs AI agent).

Aug 29: Pitch. Positioned as AI recruiter automating candidate search/outreach (4 hours ‚Üí minutes). Traction: new design partner signed, 25 potential customers contacted, pipeline of 1000 agencies identified. Feedback from Salomon: good presentation, but crowded market ‚Äî will need stronger traction before VC funding; offered introductions to Xfiner (acquired by Randstad).","Maxime's Comment":"PROS:

TEAM:
The 2 founders (Zack and Jules) have complementary personalities and are very aligned in their vision and way of working. 
They also present well and are outspoken. 
Zac has strong experience with Blue-collar workers in his previous experience. (he's the ex-COO of Bold, and founder of La Tourn√©e)

EXECUTION:
During the program they showed a good capacity to question themselves and their positioning. (They have pivoted on their solution 3-4 times)
Within the program: they closed a design partnership with a big interim company with a annual contract value of 25k EUR.

CONS:

TEAM:
Lost 2 CTO -cofounders during the program, which is an \"orange\" flag in their capacity to attract and keep strong talent.

EXECUTION:
Pivoted too many times which shows a lack of market clarity which resulted in not shipping any product during the program.

MARKET:
Their new positioning (Full-stack AI-agency play) might hinder their chances of subsequent VC funding due to challenging scalability.

","Committee":"Go"}},{"id":"rec8M6MPGZEYaZ3rf","createdTime":"2025-07-22T14:02:29.000Z","fields":{"Startup":"GovIntel","Weekly forms":["recbPImOecALehPXS","rec5ISWJMQZXUCRJM","recVWFwwlRvPKOk6p","recxkSQW2z6FsGCpk","recNbLJmulJrw8xyD","recVLrw5xIKfEM0Ht","recDbHXBIeh1rG6Bh"],"Team Members":["reclrnvOhKD5lwtIL","recekH0WQAEMk26vc"],"Startup in a word":"Market intelligence for B2G sales","Notes":["rec4MjqfPrk44s6bG"],"Active / inactive":["active"],"Previous Decks":[{"id":"attJsPDkYn32KKVQA","url":"https://v5.airtableusercontent.com/v3/u/49/49/1768046400000/mptqoJiMp3F5mGW9fgkmpg/49uLIzlaSedUGAAMPewCzAJtvOEvAeFuXODJ21aI7YBolXjaxqcF74G5xxIzYGwZkMCis6zeJd04L3-BOLwrQO0Gq-Ew2bMagX_fPlQIBJxaxBU1gp_0jLSE6kufcY3CmM5bR1PYT2dzyHXUTYFUvLiP5FfnNwHcBz1jFVck60Sns-hUsU-QQFJ4eMmjamgm/brW5mZWZhGdp9CMy-1kQOp-FspX_D5iN_9UCjeDopsk","filename":"GovIntel_09_08_Pre_IC.pptx.pdf","size":2528247,"type":"application/pdf","thumbnails":{"small":{"url":"https://v5.airtableusercontent.com/v3/u/49/49/1768046400000/p0U1dm5ojv8baso9aNvzJw/AonJe1VnSkB-PedbnzxscgUH848oeE0L5S3ZZKV5KbmWMfO15pLyMRlYdW6G9rklyvTMDkn0P6hj8BIrYAJbOf902QQtpOZOeZ6UFO7j_BaJQTmk-xZJC9Dnl-2BZGdlNKll5O-7rMey2sPLec3Z-w/kEu7O29YjSUoVX5D6pSIV9DkLBPzEsXhNtP9ffL7FgQ","width":64,"height":36},"large":{"url":"https://v5.airtableusercontent.com/v3/u/49/49/1768046400000/K1d8eZuG1sePwDx0hY6Zxw/lb3M1_O8WgnjQLZXxgyD3DLryx3HAnZxw1whcfMWxkd9w_jvvYUo9FQ-Vh692IgbYWn99tWWPFmxTleJ-29lAAk8rueemWbsjFXau86GKctELVgzEQyZjpBujbXoydCKIvH5HAnzty92qlu3lv0wXA/WkI5E23NhObUS18txWYCMryLtIrS_OKaoO4Q2NXOoew","width":910,"height":512}}}],"Startup Evaluation":["recdUR86j8OipVGxs","recqNsLskUZLFPq9K","recLyHM5nRFKpngnW","reclL7CWmv7TVSp2e","rec0Tq6UTh8oTlujH","recDA8ORN7qvfX1qO","rechg0DXpUkGIgSBz"],"Pitch Sequence":"3","Industry":["GovTech"],"Traction Summary":"üöÄ Traction summary
- 1 paid pilot completed with CrowdStrike (‚Ç¨300 / 6 weeks)
- 2 LOIs signed, 3‚Äì4 hot leads in pipeline
- ‚Ç¨180M addressable market in Germany (500+ accessible accounts)
- ‚Ç¨20‚Äì25K average ARR per account, targeting ‚Ç¨200K ARR in Germany before European expansion

‚úÖ Customer Validation
- 15 customer interviews with foreign tech companies targeting German public sector
- First paid pilot confirms willingness to pay

üõ†Ô∏è Product
- AI-enabled sales intelligence platform (‚ÄúBloomberg Terminal for procurement‚Äù)
- Features: entity profiling and early signal detection for public sector sales
- Demo functional with data extraction working

üìå Other
- Strong founder background in government and data infrastructure
- Feedback: improve clarity on market size and differentiation
- Scaling strategy: expand from German focus to broader European market via international tech companies","Detailed Progress":"üìÖ Progress Timeline

üë• Jul 17 ‚Äì Team Formation

- Leon: 5 years GovTech experience, ex-VC-backed startup
- Alex: Strong tech background

- Opportunity: sales intelligence for tech companies targeting German public sector

- Validation: 15 customer interviews ‚Üí narrowed to foreign tech companies with small German public sector teams


üõ†Ô∏è Aug 6 ‚Äì Office Hours

- Demo prepared for CrowdStrike, 3‚Äì4 hot leads identified

- Recommendation: charge ‚Ç¨200‚Äì500 for design partnerships to ensure commitment

- Market assessment: GovTech tough but moat-building if cracked

- Risk: little visible traction yet


üé§ Aug 8 ‚Äì Pitch

- Position: AI-enabled Bloomberg Terminal for procurement

- Demo functional, data extraction working

- Progress: first paid LOI secured (‚Ç¨250/month), 3 more pilots in pipeline


üé§ Aug 15 ‚Äì Pitch

- Progress: signed first paid pilot (‚Ç¨300/6 weeks) + 2 LOIs

- AWS flagged as key account (50‚Äì60 person public sector team)

- Feedback: need clearer market size, sharper solution definition, compelling win stories


üé§ Aug 22 ‚Äì Pitch

- Refined position: public sector sales intelligence platform

- Market: 10,000 companies selling to German gov (~‚Ç¨200M), expandable to ‚Ç¨105B Europe

- Progress: 2 LOIs pending, more demos ongoing

- Feedback: slides too problem-heavy (50%), team‚Äôs data-processing expertise underplayed, market sizing visuals confusing


üé§ Aug 29 ‚Äì Pitch

- Progress: paid pilot with CrowdStrike completed

- Position: entity profiling + early signal detection for public sector sales

- Next milestone: industry fair (20K visitors)

- Feedback (Salomon): strong concept, but needs clearer GTM, stronger gov navigation expertise, and focus on high ACV contracts (limited customer base)


üé§ Sep 8 ‚Äì Pre-IC Pitch

- Position: AI-powered early signals for government tender opportunities

- Market: ‚Ç¨180M addressable market in Germany, 500+ accessible accounts

- Traction: pilot customer CrowdStrike, ‚Ç¨20‚Äì25K ARR per account, targeting ‚Ç¨200K ARR in Germany before expanding to Europe

- Team: strong background in government and data infrastructure

- Feedback:
‚Ä¢ Realistic ARR targets, but needs sharper clarity on market size and competitive differentiation
‚Ä¢ Scaling via international companies with dedicated public sector sales teams","Full Notes (Office Hours + Friday Pitches)":"https://polar-scale-0bb.notion.site/GovIntel-25e1466f886f809d8373eb8a6863457b?source=copy_link","Traction Summary old":"First paid pilot (‚Ç¨300/6 weeks) completed with CrowdStrike, 2 LOIs signed, 3‚Äì4 hot leads in pipeline, preparing industry fair with 20k visitors.","Detailed Progress old":"Jul 17: Team formed. Leon brings 5 years GovTech experience (previous VC-backed startup). Identified opportunity in sales intelligence for tech companies targeting German public sector. Initial validation: 15 customer interviews, focus narrowed to foreign tech companies (AWS, Palo Alto, CrowdStrike) with small German public sector teams.

Aug 6: Office hours. Demo prepared for CrowdStrike, 3‚Äì4 hot leads identified. Recommendation: charge ‚Ç¨200‚Äì500 for design partnerships to ensure commitment. Market assessment: GovTech hard but moat-building if cracked. Execution risk: little visible traction yet.

Aug 8: Pitch. Positioned as AI-enabled Bloomberg Terminal for procurement. Demo functional, data extraction working. First paid LOI secured (‚Ç¨250/month), with 3 more pilots in pipeline.

Aug 15: Pitch. Signed first paid pilot (‚Ç¨300 for 6 weeks) + 2 additional LOIs. AWS identified as major account (50‚Äì60 person public sector team). Feedback: must show market size more clearly, sharpen solution definition, and craft compelling win stories.

Aug 22: Pitch. Refined to public sector sales intelligence platform. Market framed as 10,000 companies selling to German government (‚Ç¨200M), expandable to ‚Ç¨105B Europe. Progress: 2 LOIs pending, more demos ongoing. Feedback: slides too focused on problem (half presentation), team‚Äôs data-processing expertise underplayed, market sizing visuals confusing.

Aug 29: Pitch. Completed paid pilot with CrowdStrike. Positioned as entity-profiling and early signal detection tool for public sector sales. Upcoming industry fair (20k visitors) seen as major opportunity. Feedback from Salomon: strong concept, but needs clearer GTM strategy, stronger government navigation expertise, and focus on high ACV contracts (limited number of customers).","Maxime's Comment":"PROS:

TEAM:
The CEO has a strong and rare sector knowledge that can be a strong defensibility point. Leon (CEO) worked for the German government as a Parlimentary Assistant and as an associate in a German Federal Office.  

EXECUTION:
The team has gotten their first paid pilot in mid-August (notoriously known to be hard) with entreprise client (Crowdstrike).
They've already shipped first version of the product within 1 month of building. 

CONS:

TEAM:
The CEO has an introvert personality and is not the most charismatic, which might affect their capacity to close deals.

MARKET:
The market complexity:
- Country-specific - hard for scaling (However, the data sources are European).
- Can be considered niche.
","Committee":"Go"}},{"id":"recEBMmGuZY967b1s","createdTime":"2025-07-17T10:57:26.000Z","fields":{"Startup":"PulseOps","Weekly forms":["rec6Ng7GrOy8iXYVE"],"Team Members":["rec2cIF9tr7DRPBKK","recopl8BiPUxhnPh6"],"Startup in a word":"Handing operational issues so you don't have to

Field management voice AI Agent to handle equipment breakdown and more multi-site businesses","Notes":["recrnqOglq1T91WYq"],"Active / inactive":["dead"]}},{"id":"recFe6iiMcUH8fyz2","createdTime":"2025-06-27T14:27:58.000Z","fields":{"Startup":"Mirae (ex Smartfluence)","Weekly forms":["recZV7ggoR1mVBbgb","rec6GQC3RZ0njtwGm","recini2leifaT9oHE","recTmRYVmzh5MObWO"],"Main SU 2025 (2)":"Andr√© Kaminker, Leo Thevenet","Team Members":["rech64xasAwEhaY39","rec4OQFf0dpglgdZe","reclWyXXWkmLtU04X"],"Startup in a word":"Matching brands with the perfect influencers, and let them delegate the management","Notes":["rec59iL2zQT6r0ZnK","recTynWhweKWNQZ4D","recYfP4weAZxwruMv","recaX3BWer5Y51p5f"],"Active / inactive":["Selection Day No Go"],"Previous Decks":[{"id":"att7i0C3rtf06yLED","url":"https://v5.airtableusercontent.com/v3/u/49/49/1768046400000/6Nb0xOtSad7Mq0ke8IHbRg/xGMNkgdliKFi4IIrVVTBkMli6kQDz1AzQ7lv-0CFozNftgrs2STA8o2O21VK6p06W7Y4jifCJe3MEJR9zDl-h6wSl7glq26MDktms5_1p9kKgoYsbHvm26HEuB1QkC_gDrZtv6uxlvvoV9a2KgG5PyZUOCeCf5clVuho3aPGg0FJcl4WMVElVj0HM2orihmt/qVVlkwkGVBQR1K3f_u8GRlHpL48ps7sesjuu_iLpLbE","filename":"Mirae presentation pitch 25 juillet-2.pdf","size":1851511,"type":"application/pdf","thumbnails":{"small":{"url":"https://v5.airtableusercontent.com/v3/u/49/49/1768046400000/AgkRRsDAGErzNoTrUe1tpA/K8-qZK4dmWZ0RD442JCI9N0LZYeGZbA3GIfQKz6c224Eeiq9d82-ZZY9njOxi559LzNFMpmQhQ7SXlziVzxyeT1nBDwZ7N9aR82IBIMfhCgbut5G0_kUlh-fP1Lk6-ZILg2u1wRXKMPubWN5s-OLbw/gMO5DUj23YV5y8Q1ug2ZjuLL5qik33xgscqGvvc8RiY","width":64,"height":36},"large":{"url":"https://v5.airtableusercontent.com/v3/u/49/49/1768046400000/V70me7dE6vulQANrciQf9Q/d6AXomEE4E0CLzuhvJEto4x5ymQEq1OcRXHlLuQV00Vg7on0pyYpyFpcm1IUcVRpCr1e88DVl1sTKYG_LUIjXeiNpvuuLj2CLCU5b9_eYBke5vPJSfgcs-PSbFFf9yQQ1d7KKJSinY7QSLwHH0-tVg/_EkIJiGT1M53Llf_bNC4HM7JShrdzpSnfzIf5ZfWqH0","width":910,"height":512}}}],"Startup Evaluation":["reclS9K1XqonqpEjD","recf3HrasSZwbXLIG","recLI3p18l1DAH3ym","recgoc4rEthoSGTXj"],"Pitch Sequence":"18"}},{"id":"recFfOxGTpT6TlvuK","createdTime":"2025-09-04T15:47:48.000Z","fields":{"Startup":"Ooma","Team Members":["rec58x43yKZqSBn3p","recPP4DWVlVSkw01S"],"Startup in a word":"Social AI lab focusing on building Ted - the first AI teddy bear companion you can share with your friends.

","Previous Decks":[{"id":"attTHnZRKJCMmiQoU","url":"https://v5.airtableusercontent.com/v3/u/49/49/1768046400000/tIPZnfwi0yFNtSaMCbcs7g/dizM12A1nwTYsLM8lLu5HlceK7WJt3UU5Jj8H-tuP3-wWb_dZ4pRMmswxBDun4_C9_iOL10h7oy9xEi2V6_aVgdgvZv4K6N5ksbgoPEnxRBcbUs-BY9bW2F1oeFElUjUoL3U8yzphzwH2cuQjUxiTslghoLYRks1INy7wE284_z0rLTIAy0Sxl5alJ2Y_uT3/wLhc1tG5biPH27j8lrqe1ByvnS6bSptavPXytySahpY","filename":"ooma_pitchdeck_landscape.pdf","size":10394487,"type":"application/pdf","thumbnails":{"small":{"url":"https://v5.airtableusercontent.com/v3/u/49/49/1768046400000/Clby-XU4I2-Y3d09HdcUPA/BoepytnLTzS30DYJCc17zxPd3lAA-JPYiBxI7HZ1vAFk5voTGLECiIOUDgmQd93dDFeiv0w1ZSsjJeLTTmi2xPKZWozahGgFyPfRw4obx5tXPwCSJDFZtEJLtIX1ElwZqr4cUkrENlv1Y0cnwaxW9A/qDN3XPTQozxlMx-9XFVOC6bbFQ0WrBfyjDXa4w2sHeM","width":51,"height":36},"large":{"url":"https://v5.airtableusercontent.com/v3/u/49/49/1768046400000/NZ5x7pLS6A1NGTO0myEhxw/gj0phzJgWYQK3niw-SWg8C7yT97KwajfrUhqB952U18mpID8nO3OwAuNZ10FTuzCRzqxN2jxcXfxpNSiGOP_whnq5ezB64c_-Y4pqJJcgl9JGYPQNOnmJQni-3huRYeP5i_POv3yrK6diEPuJeTIKw/HdQm4CgkBXc9DJcpvBwb--vodPfsijPA-4Vrdf7Jxvg","width":724,"height":512}}}],"Industry":["Social Tech"]}},{"id":"recFkAsakwmENY1wZ","createdTime":"2025-09-04T15:46:28.000Z","fields":{"Startup":"Ooma","Team Members":["recPP4DWVlVSkw01S","rec58x43yKZqSBn3p"]}},{"id":"recHRVTq6tvZydMj9","createdTime":"2025-07-17T10:53:41.000Z","fields":{"Startup":"Unvested - NAIA","Weekly forms":["rec6lH12TiCCYI0WX","rec2ric6iEaNI7xhS","rectZfgxSsWrzncvt"],"Team Members":["recHBTI1ypAieclDf","recpGtzPPZKDJhBHM"],"Startup in a word":"Automated savings and investments for financial empowerments","Notes":["recPue2hbOl55pSpF"],"Active / inactive":["Selection Day No Go"],"Previous Decks":[{"id":"att0Bs8QCqrfog7En","url":"https://v5.airtableusercontent.com/v3/u/49/49/1768046400000/_CO6aJHgHPx8Pk8Iaf0Yog/MekyUzUS22GDlZgn1lbfMYXb5sf6Xw5vve3YcMLo3UYRKJ2JAS71oZqMf3qZz1z3pnNhnLwmIaVDJNAk5Jib3c_M6AxwL6ab-AmDzQeDrIFpxRjYZbdpF6ELSNmyBavQwPgvbPvOxOsW1b_xpeWx_dbeX-bZpOHdfPU7s4Ip1R8/dmyiGRQaC72QczOMjzKV_HeFQuefITakyj3-Z7z-NeM","filename":"UNVESTED WEEK 2.pdf","size":1692946,"type":"application/pdf","thumbnails":{"small":{"url":"https://v5.airtableusercontent.com/v3/u/49/49/1768046400000/Ssjv90bNkCHpP-bShg4V-g/qCG4Ji5pQkSzeMK3Xw9SD4D_Uh2hi_d6p8kSMWBBn8Px9Y7Ddk7tbNg5AKsntj_lZqagb7bLAfKwP4LBKmzOPb79hWxOz0IKV_ApTnBc_Pofqj7zBpTqA392Q8-xeiDrWZEB6yYYf7q5LuFRkXGoIQ/mgVrsv4lfXdkkAg4g_tPpQ0A3MmpkNSCxg-IO6oZuIU","width":64,"height":36},"large":{"url":"https://v5.airtableusercontent.com/v3/u/49/49/1768046400000/RSW24VEnK-FY5W2RRpmqQw/kKKrModFRMqDiFFHg5KR3gx0Th15yvieo01zGx61oS-VAnMuqE1cWKyjUaByQgkhOpeqVSBOfGAOZOn8itXnhcU9FFEES9Iz9Z7_Yvq-3FfaetK7Fi1y6hWE_nPbXKeXfHQ8v6dK4c5STAQGywQZYw/7pAjAsT18RpEbMsfTzIu44zC2kQcMjFcJDv-0z6ynBY","width":910,"height":512}}}],"Startup Evaluation":["rechuSUtqOgAlldbR","recWbRHsrEXXhVqh4","recpGMVg4TRKBbMUP","recMvfH19ESGGzPqo","recPcE03BsAg0XeFe"],"Pitch Sequence":"14"}},{"id":"recKRtBD0ycC8lZGx","createdTime":"2025-07-28T13:23:24.000Z","fields":{"Startup":"FitBot","Weekly forms":["rec9PLDJkCwlRjNZL","recMP62iQjk2TvDuw","recLcOKNoLsQNWYtT","recqTFCHYYpJa3J68","recLcxKivBgCHBwtF","recYG6VqGkSMLLNVX"],"Team Members":["recBYVUtmSAJHlKvj","recLtXbVaCYn2bRqU"],"Startup in a word":"An AI powered nutritional coach.","Active / inactive":["active"],"Previous Decks":[{"id":"att3bHisdwPVM581p","url":"https://v5.airtableusercontent.com/v3/u/49/49/1768046400000/T41mzqwwfP3-jfMfGvgN1w/yKUVZUdl_fJD4lPc8WpqKowEAMWjjjkMXLjM0onZn6e0b0_f0WJ6pHo6FBJK7Q94x5B69paSkidVr6EwxeWzeEIaGSvQdBI5sl0aRbYuDeESnDxaaKP4JWgR3wSgIYGSWluVMmDQYQCKiQIO4pP30XYKp1latYQGL_lP7LLlX0Q/4hiU-M2HQ5QsgBNG6pH4mTP4UGBCMxcVPEEGXEAefy4","filename":"Pitch Pre-IC 08_09.pdf","size":1298576,"type":"application/pdf","thumbnails":{"small":{"url":"https://v5.airtableusercontent.com/v3/u/49/49/1768046400000/wVIDKZlduXKiPH-DXP8r7Q/hh00P_D5jUVUQwz0_20D3VSaAvGMxmkYT7XIMGkvVG5AQdSDJpkU8hDx0LZMJwMTcmLaJiIVMnGqntI9oQ2YN1VOxyh1xNjCqqftM1cMH-hGhPoT_usAFIvnVtPViTbPVcOa9DUCjXHiI6Rth8fAWQ/fMRr1w5LF2Hb_m4bQY2CnzK692hwWMZJ5pPm66xuQX4","width":64,"height":36},"large":{"url":"https://v5.airtableusercontent.com/v3/u/49/49/1768046400000/chVTtyPekt3yEiwxq_5l6w/jr999oyrdfs0vNmbO7DxFlPPVf8bY1jQMR-QuNTj1-ipRe7kysFtMAhVloxu7t96C6s_c4EIdF7hg2-JnlO30UGCOcXgUWW7IRDADic1bjvn--sppnO6Iu08oBGZwgySd5h7CxeGGQu6sq7tu2Ik2w/trUp4vc95pgiEJ2VhuoyMREqS12EjuJ6FIx8gOkZ4-o","width":910,"height":512}}}],"Startup Evaluation":["recDss9t5rEtDVQDk","recsK0uSjmPcRorrb","recPPhj6xVBcKlkU7","recNrL6rsIy6nXTUw","recG0fqAeGH1rRR7U","recYN5SwcskO5V7QU","recKrAZKQQMN1R6tT"],"Pitch Sequence":"6","Industry":["Health/Fitness"],"Traction Summary":"üöÄ Traction summary
- Partnerships with 7 top French gym brands (covering 75% of market, ~4.5M users)
- 2 pilot agreements signed with Fitness Park and Basic Fit (launch Oct/Nov)
- Beta launch pushed ~1.5 months, now targeting September for user acquisition
- Exploring smart glasses integration for effortless food logging

‚úÖ Customer Validation
- Early commitments from 4+ gym/pharmacy partners 
- Goal: deploy in 500 Fitness Park gyms by Jan 2026 (pilot 50‚Äì100 gyms first)

üõ†Ô∏è Product
- AI-powered nutrition/chatbot companion with macro tracking, personalized coaching, and API integrations
- Beta launch planned for September
- Exploring smart glasses integration to improve frictionless logging
- Development risk: dependency on external agency (5% equity deal) ‚Üí exploring alternatives (BPI grants, angels, freelancers)

üìå Other
- Market hot but crowded - proof of execution and viral loops required 
","Detailed Progress":"üìÖ Progress Timeline

üë• Jul 25 ‚Äì Team Formation

Pierre - Google B2B sales)
Pascal - Google product strategy

- Vision: AI nutrition/chatbot app via B2B2C gym/pharmacy partnerships


üõ†Ô∏è Aug 4 ‚Äì Office Hours

Early traction:
‚Ä¢ Fitness Park (1M members, launch Sept/Oct)
‚Ä¢ Groupe Mirage (26 Paris gyms acquired)
‚Ä¢ Decathlon (CMO contact, exploring freemium)

- Goal: deploy in 500 Fitness Park gyms by Jan 2026 (starting with 50‚Äì100 pilot gyms)

- Alpha app ready: nutrition tracking, macro updates, personalized coaching

- Beta launch targeted for Sept

- Risk: dependency on external dev agency (5% equity deal)


üé§ Aug 8 ‚Äì Pitch

- Positioned as 24/7 nutritional chatbot

- Validation: 126K Twitter views, influencer support

- Dev challenge: GPT-4 API vs ChatGPT speed issues

- B2B traction: meetings with Fitness Park, Decathlon, Newness, Basic Fit, Episode, Alan (insurance wellness)

- Launch target: mid-Sept (uncertain for pre-IC)


üõ†Ô∏è Aug 11 ‚Äì Office Hours

- Roadmap for 0‚Äì3 months with sales projections

- Product validated at base level, but UX not yet commercial

- Demo dilemma: show infra vs mock-ups

- Equity deal with agency considered too risky ‚Üí alternatives: BPI grants, angels, freelancers

- Funding target: ‚Ç¨80‚Äì100K to build v1 without long-term equity dilution


üé§ Aug 15 ‚Äì Pitch

- Position: AI nutrition companion via B2B2C gyms/pharmacies

- Secured 4 soft partnership commitments

- MVP due end of Aug, beta Sept

- Feedback: strong potential, but avoid risky equity deal


üé§ Aug 22 ‚Äì Pitch

- Problem framed: global weight-loss failure rates (95%)

- Market: ‚Ç¨5B nutrition apps, ‚Ç¨15B fitness/wellness

- Progress: top 5 gym networks engaged (covering 40% of market), alpha release end of week

- Feedback: too much time on problem/solution ‚Üí need more traction + distribution focus


üé§ Aug 29 ‚Äì Pitch

- Progress: 7 gym networks engaged, 2 agreed commercialization rollout

- Market approach: target 75% of French gym-goers (~‚Ç¨2.5‚Äì5M ARR potential)

- Feedback (Salomon): hot market but crowded; must prove gym acquisition execution + viral loops before IC

üé§ Sep 8 ‚Äì Pre-IC Pitch

- Position: AI-powered nutrition app with gym network partnerships

- Traction: partnerships with 7 top French gym brands (covering 75% of market, 4.5M users)

- 2 pilot agreements signed with Fitness Park and Basic Fit (launch Oct/Nov)

- Product: alpha complete, beta launch delayed ~1.5 months, targeting Sept user acquisition

- Innovation: exploring smart glasses integration for frictionless food logging

Feedback:
‚Ä¢ Market strategy solid (B2B2C focus), but must validate execution at scale
‚Ä¢ Needs sharper viral growth mechanics and clear distribution roadmap","Full Notes (Office Hours + Friday Pitches)":"https://polar-scale-0bb.notion.site/FitBot-25e1466f886f80be853bc8e764b6cd42?source=copy_link","Traction Summary old":"Engaged with 7 gym networks (2 agreed to commercialization), Fitness Park (1M members) launch Sept/Oct, Alpha ready end Aug, targeting ‚Ç¨2.5‚Äì5M ARR via B2B2C.","Detailed Progress old":"Jul 25: Team formed (Pierre ‚Äì Google B2B sales, Pascal ‚Äì Google product strategy). Focus: AI nutrition/chatbot app for fitness and nutrition coaching, using B2B2C partnerships with gyms/pharmacies.

Aug 4: Early traction with major players: Fitness Park (1M members, launch Sept/Oct), Groupe Mirage (26 Paris gyms acquired), Decathlon (contact with CMO, exploring freemium model). Goal: deploy in 500 Fitness Park gyms by Jan 2026, starting with 50‚Äì100 pilot gyms. Alpha app ready with nutrition tracking, macro updates, and personalized coaching; beta launch targeted for Sept. Risks flagged around dependency on external development agency (5% equity deal).

Aug 8: Pitch. Positioned as 24/7 nutritional chatbot. Market validation: 126K Twitter views, influencer support. Development challenges: GPT-4 API vs ChatGPT speed issues. B2B traction: meetings with Fitness Park, Decathlon, Newness, Basic Fit, Episode, and Alan (insurance) for wellness partnership. Launch target: mid-Sept (uncertain for pre-IC).

Aug 11: Office hours. Roadmap created for 0‚Äì3 months with sales projections. Product: base validated, but UX not yet commercial. Discussed demo dilemma (show infra vs mock-ups). Equity deal with agency considered too risky; alternatives identified (BPI grants, angels, freelancers). Target: ‚Ç¨80‚Äì100k to fund first version without long-term equity loss.

Aug 15: Pitch. Positioned as AI nutrition companion with B2B2C via gyms/pharmacies. 4 soft partnership commitments secured. MVP due end of August, beta Sept. Feedback: strong potential but must avoid risky agency equity deal.

Aug 22: Pitch. Problem framed as global weight-loss failure rates (95%). Market: ‚Ç¨5B nutrition apps, ‚Ç¨15B fitness/wellness. Progress: engaged top 5 gym networks covering 40% of market, alpha version releasing end of week. Feedback: too much time on problem/solution, needs more focus on traction and distribution.

Aug 29: Pitch. Progress: 7 gym networks engaged, 2 agreed to commercialization rollout. Market approach: target 75% of French gym-goers (~‚Ç¨2.5‚Äì5M ARR potential). Feedback from Salomon: hot market, but crowded. Need proof of gym acquisition execution and viral loops before IC.","Maxime's Comment":"PROS:

TEAM:
Quality team background (ex-Google employees having worked on consumer-facing products)
Charismatic CEO

TRACTION:
Good Sales traction and momentum: Within 6 weeks, they managed to be in advanced discussions with 6-7 gym networks representing +/- 4.5m users (thereof one commitment from BasicFit) and 2 influencers with +4m users.

CONS:

TEAM:
CTO is not full-stack - doesn't ship very fast which resulted in first launch only after 2 months of developing (Product execution risk).

MARKET:
Low potential defensibility (although working on blood sampling).
Red Ocean market with many players.
","Committee":"Go"}},{"id":"recLJZjnmwep93fmB","createdTime":"2025-06-27T14:27:01.000Z","fields":{"Startup":"Umamy","Weekly forms":["recwFm9F5xTMVJ2z8","rec5sINW4287g4gVB","recxW0UbwAm3xGJwP","recAWmIXG9ptQSN1i","recWbZndX822GO0e7","reccSqoI1Y42I1bbj","recEZQMXcbyCdrwX6","recp3mUR44k6k7oyQ","recfkw7YdMHsmhxcM","rec0XtEdKjudkaSSq","recD8nmUOxSgHkTeK"],"Main SU 2025 (2)":"Connor Blair, St√©phane Millet","Team Members":["rec0QhejQgLA8Fwhg","recSoqbOOhPAmI21u"],"Startup in a word":"HR agent to help founders connect to top talents on LinkedIn","Notes":["recp4VX5jkk6MIDpL","recAhu1LuDUeZ2wVP","rec2oeedaGV47nzWX","rec6gTRpRLFsrI45S"],"Active / inactive":["active"],"Previous Decks":[{"id":"attts4lpaLYksLYVU","url":"https://v5.airtableusercontent.com/v3/u/49/49/1768046400000/YYppQpBNDvic7NaKf-EAkQ/hs4aR6KgamHE_9sUp4-O1Dt8dq0NafVIYO0cyRZAoBj-mtsSOk169XHJpI61Irm_d9XDzgYLsurSbQFVohxixorjQaWqTYeMPwGaaGwmh7vLv7f2ciJ0HIPYfaQROHzqFoZ7TmH0FVjub4Mlrw4H8E-A4J6L5pOTm4eEItefJgVLtuRuxhsfH9JKbx30kdFF/eyCvzzHNyG8rn4eRfG64--3TAFQla6tJc-R7HsXeF34","filename":"Umamy Pitch Deck Pioneers.pdf","size":5362494,"type":"application/pdf","thumbnails":{"small":{"url":"https://v5.airtableusercontent.com/v3/u/49/49/1768046400000/u_vhVhTsv0YlpidRwXxmQg/SK_BTouqXW0bbKUQnLkFMA2omPgTdfM4rh5ImscnUidMSKq8u90WoeJdz2S0fWrATLFd0oA_-X-DDXg1aUwEcxURNc8nXHHJHhx45QLppjHkFYtvaqutIP683-K2IpjYST2TQWTyMsI00kbXMtu_jA/uqdHGKgCwubAsmLmzki3gsvisH22lCu-KE_xwx5huc4","width":64,"height":36},"large":{"url":"https://v5.airtableusercontent.com/v3/u/49/49/1768046400000/dUGgJB5axLpDHsCz1TYabg/zHq6zH5UadGTfZQtGzQrYKtqG3oFbs9T0iEs_R0t3OVGKiQNnTptHtcFuHQRCDwHybMddpboBLSHvJUuui526feaWQ-zZ9h6ifXUrbq2gRqLZfYYFIsZ3cw-JPj3tmQ-6stj46FSWuxijmipOzkS_Q/X32U2wrL-QjQ8wigb5AXa-Hw8VgB30Ce6ymlRu0NCec","width":910,"height":512}}}],"Startup Evaluation":["recZjyjC0x7YpxdnM","rec7lPIypKfRO7YAv","recMbAil3bbf3oc8e","rec9UySdRCktvWAJU","rec2rgTJR4Vj0YHeA","recc7KAHbeiWGUgfp","recwMzjwlby7PRxRa","rec8vUmvtfqm5T4Ya"],"Pitch Sequence":"2","Industry":["HR Tech"],"Traction Summary":"üöÄ Traction summary
- 5 paying customers (‚Ç¨6K ARR)
- ‚Ç¨109/month pricing, short sales cycle (within 1 week)
- 1/3 conversion rate on outbound
- Targeting ‚Ç¨200k ARR by end of year

‚úÖ Customer Validation
- pivoted from HR process optimization to hiring/sourcing solutions after 100+ interviews
- Paying clients confirmed
- Conversion funnel: 20 requests ‚Üí 14 accepts ‚Üí 4 replies ‚Üí 1 client

üõ†Ô∏è Product
- LinkedIn AI agent automating headhunting for founders
- MVP live with Slack integration
- Subscription model tested (‚Ç¨109/month)

üìå Other
- Feedback: clarify tagline, add demo video, show mechanics, integrate with HR tools","Detailed Progress":"üìÖ Progress Timeline


üë• Jun 18 ‚Äì Team Formation

- Connor - backend, Jonathan - frontend, Cl√©ment - CRO, St√©phane - CEO

- Started in HR process optimization ‚Üí pivoted to hiring/sourcing solutions after 100+ interviews


üõ†Ô∏è Aug 5 - Office Hours

- Pivot confirmed: focus on hiring specialization
- Pricing models tested:
‚Ä¢ ‚Ç¨300 for 2-week sprint (with ‚Ç¨200 deposit)
‚Ä¢ ‚Ç¨70/seat subscription

- Goal: 10 paying customers pre-product

- Early interest: HubSpot, Sorare, Salesforce, Klaviyo (no paying clients yet)

- Strategy: Target CEOs directly (decision-making power + budget)


üé§ Aug 8 ‚Äì Pitch

- Position: Automated headhunting via LinkedIn founder networks

- Early proof: Sorare engaged, payment pending

- MVP manual delivery while building tech
- Goal: 500 outreach/week ‚Üí 20 meetings ‚Üí 10 new clients


üé§ Aug 15 ‚Äì Pitch

- Reported first 2 paying customers (‚Ç¨1K/year each)
- Conversion funnel: 20 requests ‚Üí 14 accepts ‚Üí 4 replies ‚Üí 1 hire

Feedback:
‚Ä¢ Avoid small automation tool comparisons (Waalaxy, PhantomBuster)
‚Ä¢ Emphasize big vision for CEO recruiting transformation

- Target: 140 customers by cohort end


üé§ Aug 22 ‚Äì Pitch

- Refined positioning: ‚ÄúRecruiting platform using founders network‚Äù for Series A/B founders. New positioning: https://umamy.io/ 

- Delivers 20‚Äì30 warm leads/month with 30%+ reply rates (3x industry avg)

- MVP built, early clients migrating to product

- Market framed as ‚Ç¨1.5‚Äì2M ARR with 100 clients

Feedback:
‚Ä¢ Tagline too vague
‚Ä¢ Problem section too long
‚Ä¢ Solution slide should show concrete mechanics


üé§ Aug 29 ‚Äì Pitch

- Current traction: 5 paying customers, ‚Ç¨6K ARR

- MVP: LinkedIn AI agent ‚Üí 160 conversations/month, 65% reply rate

- Slack workflow integration live

Pricing: ‚Ç¨199/month
Target: ‚Ç¨190K ARR by mid-Sept

Feedback (Salomon):
‚Ä¢ Website strong, needs demo video
‚Ä¢ Must address retention/churn + HR tool integrations (Personio, HiBob)

üé§ Sep 8 ‚Äì Pre-IC Pitch

- Position: LinkedIn headhunting automation for founders

- Traction: 5 paying customers in France/US, ‚Ç¨109/month pricing

- Sales: short cycle (within 1 week), 1/3 outbound conversion rate

- Team: 15+ years combined experience at Google, Salesforce

- Target: ‚Ç¨200k ARR by year-end

Feedback:
‚Ä¢ Strong differentiation from proprietary data generated in conversations
‚Ä¢ Early traction mostly from personal networks ‚Äì needs outbound expansion plan","Full Notes (Office Hours + Friday Pitches)":"https://polar-scale-0bb.notion.site/Umamy-25e1466f886f80e5a53be92909bce7de?source=copy_link","Traction Summary old":"5 paying customers (‚Ç¨6K ARR), MVP live with LinkedIn AI agent, 65% reply rate, migrating manual clients, targeting ‚Ç¨190K ARR by Sept.","Detailed Progress old":"Jun 18: Team formed. Early energy strong, good complementarity (Connor ‚Äì backend, Jonathan ‚Äì frontend, Cl√©ment ‚Äì CRO, St√©phane ‚Äì CEO). Started in HR process optimization, but after 100+ customer interviews pivoted toward hiring/sourcing solutions. Initial traction slowed during July (personal factors + pivot).

Aug 5: Office hours. Pivoted to hiring specialization. Introduced two pricing models (‚Ç¨300 2-week sprint with ‚Ç¨200 deposit; ‚Ç¨70/seat subscription). Goal: 10 paying customers pre-product. Early interest from HubSpot, Sorare, Salesforce, Klaviyo. No paying clients yet. Targeting CEOs directly instead of HR (decision-making power + budget).

Aug 8: Pitch. Positioned as automated headhunting via LinkedIn founder networks. Early proof: Sorare engaged, payment pending; more clients expected post-vacation. MVP delivered manually while building tech. Goal: 500 outreach/week, 20 meetings, 10 new clients.

Aug 15: Pitch. Reported first 2 paying customers (‚Ç¨1K/year each). Conversion funnel example: 20 requests ‚Üí 14 accepts ‚Üí 4 replies ‚Üí 1 hire. Feedback: avoid comparisons with small automation tools (Waalaxy, PhantomBuster), instead show bigger vision for CEO recruiting transformation. Target: 140 customers by cohort end.

Aug 22: Pitch. Refined solution: ‚ÄúAlways-on recruiting OS‚Äù for Series A/B founders, providing 20‚Äì30 warm leads monthly with 30%+ reply rates (3x industry). MVP built; migration of early clients to product scheduled. Market framed as ‚Ç¨1.5‚Äì2M ARR with 100 clients. Feedback: tagline too vague (‚Äúrecruiting OS‚Äù), problem section too long, solution slide should show concrete product mechanics.

Aug 29: Pitch. Progress: 5 paying customers, ‚Ç¨6K ARR. MVP deployed as LinkedIn AI agent generating 160 conversations/month, 65% reply rate, Slack integration for workflow. Pricing: ‚Ç¨199/month. Target: ‚Ç¨190K ARR by mid-Sept. Feedback from Salomon: strong website, but needs demo video; must focus on retention/churn and HR tool integrations (e.g. Personio, HiBob) to be credible at scale.","Maxime's Comment":"PROS:

TEAM:
CEO is a repeat-entrepreneur: Stephane has launched several companies with respectable outcomes (million+ revenues and several small exits)
They have a complimentary team.

EXECUTION:
They pivoted several times in the HR space and have now found a somewhat convincing/differentiated entry point.
Strong sales capacity: within 2 months they managed to sign several \"high-profile\" tech scaleups already such as Sorare and Timeleft.

CONS:

TEAM:
- CEO just had a baby and is based is now based in Biarritz, they will be working remotely half of the time.
- Team is too big for an early stage company (4 members including a head of Sales/CSO), CEO seems to act sometimes as a manager rather than a founder.

MARKET:
- HR market is notoriously hard as it's a red ocean.","Committee":"Go"}},{"id":"recNCKA9PBFfUQm2u","createdTime":"2025-07-22T14:11:00.000Z","fields":{"Startup":"ThirdPlace","Team Members":["recibD5fOJHhEU7FZ"],"Startup in a word":"The AI social compass matching you to your people AND your plans.","Active / inactive":["Selection Day No Go"],"Previous Decks":[{"id":"attZUQx2MI9gorwiv","url":"https://v5.airtableusercontent.com/v3/u/49/49/1768046400000/EjJnSnNlv8Q1royWrWKoeg/otgKD3WJwGgOo4q6COfXzmS7Xa9Iasbwebxt9xIYD4XTYuvottUbwp4Z7DcHltw8KadVn_R47mxkCILvyBrg_53v1h3E6Xt2w_vqsA6kTrdBz8yZjlp66Lt9BW9xyEbAm-ZXe9BE23EsuoEGFny3D8dQvztQXtGJIVaIBpR6KeA5plABWgR2XfH29qfy8uix/aESKEI-XYacZV57Ms_oI0iYpOYwwHy4hhbrx0KX2U0g","filename":"thirdplace pitchdeck 27_07.pdf","size":6505063,"type":"application/pdf","thumbnails":{"small":{"url":"https://v5.airtableusercontent.com/v3/u/49/49/1768046400000/iqFoitVo3AdOBGZhOK9kKA/ggifFKoojMAC40dKRcGwi12vj_-QW9M11NTRg9p5NizHGvqIhlrt82cKUC9YxyP2fKFSXOFpdBM2qcnsibQuy1zRT6wSNqmC9_NBIuiK1KvFvkN4R_5FNrYtjOle-eciEIdJ7e0-i54rTFgNrtYcFw/c7BtixyfUUcn9ke5n13jQMhnsoBmWf7u4Rj9bWK5HC4","width":64,"height":36},"large":{"url":"https://v5.airtableusercontent.com/v3/u/49/49/1768046400000/gsX7WFt94HHeKGqvTnWIeg/3Dr2VgeSQ3f8O9pJYK7uIYpc_oQ2DyVa3pc1YMfMtB03Gf_ngbi_qVmMWdDI-Im4U2fYjsE53sizLFrR9xCje4-ggnZn6IZDQw0Cej6WduIt-rN3Bodh9ldkIYLBumkmEOlZa27yXTe4sZP1ZOY4Tw/Bj6zPAoMJmVh41keQrszprauq2FjTbKs_8oIyjQoAqA","width":910,"height":512}}}],"Startup Evaluation":["rec1y8YDR7ZJuaWJq","recijJyn1blv65jlv","recZohkFrINFSaJdi","recbBVm0gxmdyQ2II"],"Pitch Sequence":"8"}},{"id":"recQpVpn9qPUBTeJi","createdTime":"2025-07-17T09:52:26.000Z","fields":{"Startup":"Orchly","Weekly forms":["recrghQToSJLUOHIW","recw45jin20bJgFZA","recx3744yTjpcMyAK","recsn9EbVYWrZnEUo","recz1BxTWJAqeVJFC","recgOO2cZiGNsqBDs"],"Team Members":["recSt2IAYyrlpGH9W","recuCYxmlOQvGuFM1","rec2hx9iqGVaWlCXb"],"Startup in a word":"The DevOps copilot that resolves incidents in minutes","Notes":["recOkboFFbmyLHJwF","recywt1yp9U4FrwtP","recQ5KFWdAfx35uFw"],"Previous Decks":[{"id":"attnpaLx5lUn3ndLv","url":"https://v5.airtableusercontent.com/v3/u/49/49/1768046400000/dTzzTArpL9d2_kNF_9BSVQ/vBHcXrJwRWc17lUbkYJrQK835QHtUXHD_bi2hBEpVE3f9psq84IdguJDq4YKHyjLJnnp3Fq48LyGNcfuA0Wlgpp5QzJXWCY_YCkm-LnYt0HX2dQ2NStcdAlsziyVCwJNTsPiAbQCquJAz9D6WaXoWfsFyx1-BVpxh-qbf7fpmoY/jX4MMUmVflZ1RkOlQlw7dtx1JMk6ugDDuOD4q4P9VLo","filename":"Orchly Pitch Deck (3).pdf","size":4576984,"type":"application/pdf","thumbnails":{"small":{"url":"https://v5.airtableusercontent.com/v3/u/49/49/1768046400000/5MzJt5QQOoHsx7lV8hJFEA/qG5POxydMKQXTjKqP8srU356JfvkWGS5gMNuNODNuZUbImLPO7yOG5UnVEkQr4ge7s-Gmk1JkIZhLB8e1wwZojV0AyhB7C6eDN2qLTIbgq343wPGT5ugKyIQZBm3vxuXTBzWAXjjDj_GFOk17-GINg/Q4hJZgBKKCAz2AYnbdw_EEsNUtdMU1PFfSjfUzAfQjY","width":64,"height":36},"large":{"url":"https://v5.airtableusercontent.com/v3/u/49/49/1768046400000/IlEr6H9XHqOGZQ0FVN6RhQ/1lg6YdMReWbgziyw56cxSys7EecyyBjQSfwnaUk2vRkzrq5aQLY_8fGPqLOBVc6-mvmvX92CYICcI9OsKWOw_Um3WzAw4cmdv7eLZaom6KfjennlNUB6wNlr8cKmQ6xEgGM68VO2pbxp-OOLocjrCg/JiDdChvINrocEYfXVY1kEptzPNtJ-UyL3zcE5rin4X4","width":910,"height":512}}}],"Startup Evaluation":["reciGdrPCtlwqeH4i","reccUK4FkRvIiTUsX","rec7XkWugUJh5cetW","recj2RvVHkFl8Y0JP","recgtCTPDxjYBpJ2F","rec4W3UPdlb0XyuK9"],"Pitch Sequence":"6","Industry":["DevTools"],"Traction Summary":"üöÄ Traction summary
- 2 pilot customers live (Slack integrations)
- 1 new client signed (Aug 29)
- 5K cold emails sent to expand pipeline
- MVP launched mid-August

‚úÖ Customer Validation
- 2 pilots active with real Slack usage
- Targeting startup customers first (enterprise too early)
- Early traction credible, but customer engagement inconsistent

üõ†Ô∏è Product
- MVP launched mid-August as AI copilot for incident alert prioritization, Slack integration
- Aggregates monitoring data and generates actionable insights
- Positioning requires clearer differentiation vs Monte Carlo and other competitors

üìå Other
- Feedback: strong technical validation, but storytelling ‚Äúnot sexy‚Äù enough; need startup case studies, simpler messaging, and sharper GTM focus","Detailed Progress":"üìÖ Progress Timeline

üë• Jul 5 ‚Äì Team Formation

- Amit + Alin (both ex Antler), product/GTM role split


üõ†Ô∏è Aug 5 ‚Äì Office Hours

- Learning: too early for big enterprise ‚Üí focusing on startup-scale customers

- Target: 3 more LOIs by IC

- Introduced quantified outreach funnel (daily tracking)


üé§ Aug 8 ‚Äì Pitch

- Position: AI for incident alert prioritization

- Progress: 2 LOIs converting into pilots, MVP planned for Aug 15

- Feedback: strong problem validation, but need startup case studies before enterprise


üõ†Ô∏è Aug 12 ‚Äì Office Hours

- Pilot engagement inconsistent (slow responses)

- Product launch set for Aug 15 ‚Üí plan to release even if incomplete

- Pipeline weaker than expected, demos too basic

- New outreach: multi-platform + automated campaigns

- Validation strong: incident remediation pain resonates


üé§ Aug 15 ‚Äì Pitch

- Launched 5,000-lead cold email campaign

- MVP delayed to Aug 18 after customer feedback

- Progress with design partners, but pitch flagged as low-energy/unfocused

- Feedback: must streamline GTM strategy, avoid showing zero metrics


üõ†Ô∏è Aug 19 ‚Äì Office Hours

- Major changes required:
‚Ä¢ Clarify title (‚ÄúHelping developers resolve incidents faster‚Äù)
‚Ä¢ Simplify problem slide with big numbers
‚Ä¢ Avoid jargon (e.g. MTTR)
‚Ä¢ Boost team credibility (roles + ‚Ç¨350K saved in 20 min at Zalando example)
‚Ä¢ Design cleanup across slides


üé§ Aug 22 ‚Äì Pitch

- Progress: 2 active customers, MVP nearly ready

- Presentation stronger, with use case examples

- Still too many unproven GTM channels

- Problem slide too text-heavy

- Feedback: traction credible, but story must highlight ‚Ç¨10M+ savings + 1000+ incidents solved


üé§ Aug 29 ‚Äì Pitch

- Progress: 2 signed customers + 1 new Amsterdam client

- Solution framed as AI copilot aggregating monitoring data + generating insights

- GTM: targeting startups via CTO network (500+)

- Feedback (Salomon): problem real but story not ‚Äúsexy‚Äù; must show differentiation vs Monte Carlo earlier","Full Notes (Office Hours + Friday Pitches)":"https://polar-scale-0bb.notion.site/Orchly-25e1466f886f80d891aae8afd64c0f82?source=copy_link","Traction Summary old":"2 pilot customers (Slack integrations live), 1 new Amsterdam client signed, MVP launch mid-August, 5K cold emails sent, strong validation but GTM focus still fragmented.","Detailed Progress old":"Jul 5: Team formed. Amit and Alin (ex-Antler) partnered quickly, splitting roles between product and go-to-market. Early traction: 2 LOIs with active engagement, prospects integrated into Slack channels. Learning: too early for big enterprise, focusing on startup-scale customers.

Aug 5: Office hours. Team targeting 3 more LOIs by IC. Quantified outreach process introduced (daily outreach funnel tracking). Public LinkedIn posting approved to build awareness in developer communities. Product MVP targeted for first pilots.

Aug 8: Friday pitch positioned Orchly as AI for incident alert prioritization. Progress: 2 LOIs converting into pilots, first version planned for Aug 15. Feedback: strong problem validation but need startup case studies before selling into enterprise.

Aug 12: Office hours. Pilot customer engagement inconsistent (slow responses). Product launch set for Aug 15 ‚Äî plan to release even if incomplete. Pipeline weaker than expected; demo quality too basic. Team launching multi-platform outreach, planning automated campaigns. Validation remains strong: incident remediation pain clearly resonates.

Aug 15: Pitch. 5,000-lead cold email campaign launched. MVP delayed to Aug 18 after customer feedback. Progress with design partners but presentation flagged as low-energy and unfocused. Feedback: must streamline GTM strategy and avoid showing zero metrics.

Aug 19: Deck review session. Major changes required: clarify title (‚ÄúHelping developers resolve incidents faster‚Äù), simplify problem slide with big numbers, avoid technical jargon like MTTR. Team slide needs credibility boost (specific roles, real incident savings, ‚Ç¨350k in 20 min Zalando example). Design cleanup across slides.

Aug 22: Pitch. Progress: 2 active customers, MVP nearly ready. Team presenting stronger with use case examples. Still too many unproven GTM channels. Problem slide text-heavy. Feedback: traction credible but storytelling must highlight ‚Ç¨10M+ savings from past work and 1000+ incidents solved.

Aug 29: Pitch. Progress: 2 signed customers + 1 new Amsterdam client. Team experience: 26+ years, 1000+ incidents solved, ‚Ç¨10M+ revenue saved. Solution framed as AI copilot aggregating monitoring data and generating insights. GTM: starting with startups via CTO network (500+). Feedback from Salomon: problem real but story not ‚Äúsexy‚Äù; must show differentiation vs Monte Carlo earlier.","Maxime's Comment":"PROS:

TEAM:
Experienced team in the incident management space (ex-Zalando, ex-Rocket Internet).
Highly technical team.
Good communication with the Pioneers team.

MARKET:
Very \"techy\" problem to solve - if they succeed, the will achieve high defensibility.

CONS:

TEAM:
CEO is a bad pitcher.
Low sales skills. (both tech profiles)

EXECUTION:
Low traction (result of bad sales).

MARKET:
Problem is not validated today as a result of low traction.

","Committee":"No"}},{"id":"recS7bP4NjqRJZTzL","createdTime":"2025-07-17T10:51:18.000Z","fields":{"Startup":"Revelio","Weekly forms":["rechcqg4PIq5RZnI8","recv4yqFryhwLUn5l","recPdpzIaEceh3ie5"],"Team Members":["recKzegnxmXnG97za","recBWgYi1xhGj68c8"],"Startup in a word":"All-in one AI native compliance solution for fintech companies 

WIP landing: https://reveliolabs.app 
","Notes":["rec4P6Jj27erKJo6l"],"Active / inactive":["Selection Day No Go"],"Previous Decks":[{"id":"attH1asxgWrXZRFSe","url":"https://v5.airtableusercontent.com/v3/u/49/49/1768046400000/PNEkzy-LM9wW9DLn8NEl5A/cpEZw-9NFp9-M3wa8g0X2OVwLd31kOe8eU1fX3InBskGsWX_atDGdo5dOFFB9DihzH9ur1asMG_VBX3kA6HF25IEQSb-3nq3mBZbWmFxeJtvU8ATkfVjjr4j9v_KQ1SdDW8DxOGO9HkH1o-8MC_144T3QpgwMbn3ba3fBM7YvziwJYxLgW5JDsoBxAsH8okr/TfDrlMrL8vhfIsWscp6J-vcOFc267STwCd0VAmDiTL8","filename":"Copy of Revelio Labs Pitch Deck.pdf","size":1078435,"type":"application/pdf","thumbnails":{"small":{"url":"https://v5.airtableusercontent.com/v3/u/49/49/1768046400000/_o5Vehg-3OcI_N1k_18FIw/pvxXmJToC4B2V0fPfH3GQiaynXvr2oKuzuBMYhA_o3bybtwTK6ySnAgdcT66DaNg7P5HPZIrVy9dFTXTuAt8Jie24hrmZDcF7ncx1duhEiXJVgS7kvW7fEB1hDIJ16Ys4E2huczpnj-OO0qL6Lr58g/HPJu10Uo06Ma_3KY8V1dtdq6wGYIqkx3e18TKmoOwxw","width":64,"height":36},"large":{"url":"https://v5.airtableusercontent.com/v3/u/49/49/1768046400000/B1Zyji-IsGZZE4ujl-HKzA/WRVMdU8kloN2cGnXzYsQgZbbR1s74YxEuu8FPnPbpGUH9r9gmV1koGxOq71DJLjTbgiKqfdR3s2wawsVb6uZE6uO2gPCc1jih9bq1mdSYT5uTSbfylyg-WlrU_B9oQra6W-l_unBKdUyEqR0UMh_oA/K7FzA-AXnfH9JGPM2zZpaaD-ecyKt_Ql9zXb69EexGw","width":910,"height":512}}}],"Startup Evaluation":["recU3cvJZ1lFEnS6a","reclxMR40bAj8zUOy","recjt9xl9stMRVdGz","recUWuAXxa04HDd1V","recSR5DDL86ujI6ad"],"Pitch Sequence":"2"}},{"id":"recTgFx0MhiR4iLBe","createdTime":"2025-07-17T10:25:45.000Z","fields":{"Startup":"Promptaize","Weekly forms":["recO5jTkLYp05ohLM","rec9HLfjGQWLXRmpd"],"Team Members":["recUOW9AqiE1oDktb","recCocEOyZsVUCNn0"],"Startup in a word":"Know your Brand positioning in LLM search results","Notes":["recubUG5n7Gza93lx","recQspTTkrTndfAnp","recJsbX6nfaGV14n3"],"Active / inactive":["Selection Day No Go"],"Previous Decks":[{"id":"attCpS62HbIj5aDjW","url":"https://v5.airtableusercontent.com/v3/u/49/49/1768046400000/JsRT3d1C3eAydjvZQIo50g/AGhzDUclo42m1N3uRfyaHxVTDt9v1jjr3IrNd4OkgPxKrBFNB2wO_UlYAH8-9QCmxo9HKoMwXiiMPxGmk4QsXRLaDngDTSEHYI9TCMUeDqrXj0HXQ8jMkOYs4Pm-EWuw-2aZsq0DQd-FX_V3ms_RCR1TjyppzVXA0AtcBaTv6_c/a8OIguoBWoXFlw2v7QBmcvdnKgSJrMoHIJaLamrW8LQ","filename":"Promptaize.com _ Gamma.pdf","size":4257281,"type":"application/pdf","thumbnails":{"small":{"url":"https://v5.airtableusercontent.com/v3/u/49/49/1768046400000/3kKFpDDh0Z16gwohLBAGSg/j_XSt7PgjarwrH4ld9nofL6fZ8i7yC3GXawRXXDWBLf1WEMtTyIPjGnRO0lXueryuVvSL3Xy2rEMuDVHIhiIuD0sPAK6-VTOAG97EKCNwgVBNsK-4DZ6Ij4MdlubcMqTfqJ5NmolBrGWn4Um2TdDEg/dwjvIJqy_g0S8G3fx1DRQUj2dA_m2zneqGzzajMGhKE","width":51,"height":36},"large":{"url":"https://v5.airtableusercontent.com/v3/u/49/49/1768046400000/BT1ccpnxgySZ023rvJq4pQ/5gvSiem4uYsQuL-s-djfyKiddV0IlW-kM7yJFkxg2RY4hT_fzqiezy5MzDaWrGUnmu9C7A5DSI-7IDn2XU3RDJJI-bWyMW1QsLnZtUyqU3gyKHvMy_-l5eyr0xNqkuFtAEdMa5zFmgYUJKEtoRQkeg/bmacxLr8uSya6cQiQ9zmYorTrd3CVteYNR9cNhBXzp0","width":725,"height":512}}}],"Startup Evaluation":["recz6zuff9Yxs597t"],"Pitch Sequence":"19"}},{"id":"recY8mEu15qBkFKVJ","createdTime":"2025-09-03T12:57:22.000Z","fields":{"Startup":"Everest (external)","Team Members":["recqPLbAOARWV9HSd","recMbngnFWzg7aMtb"],"Startup in a word":"The next generation of intelligent real estate assistant","Active / inactive":["active"],"Previous Decks":[{"id":"attwwAWLR1pwQPyC0","url":"https://v5.airtableusercontent.com/v3/u/49/49/1768046400000/nx_RuRSk-HyK1tet2U4iqg/hzJQFhwxDeC5SH0FgsaTM2De_p6kRSbWzH0vdFq4hQBuJakc47COr5j3Yzy-zk-dCYG9gWL9IYcmFgFCVnPGSzDDFsvlYikBQhHv9gK6c9wjkJNfHZL14VWAR0x_0lzEm3gR5_g1R5JDhTxT4w7PIFVJeoGoEvV1GbZ7gbngQHyZbhdss1QhqYttqQcNLadn/bE8HcTThrvHAmhj8Ad_jYfIdw1jrCAGB-BBiVO92lGQ","filename":"Everest Pitch Deck - Pioneer.pdf","size":6343037,"type":"application/pdf","thumbnails":{"small":{"url":"https://v5.airtableusercontent.com/v3/u/49/49/1768046400000/4p5Y-DFOBc_iUmHLGyae6g/lFo2XFIMRUL4Xv9jKZeTGtsn2aFeQzEHYrAesAgpuvz4QC0tE4sbmO9aK6nNdJhDGYiy1N7dUdWdg7DKKJhDfpNke2mCrMp-6FFuGbwjuzTq2VLMmdYthiLBsNu_jpMDZOzB5-rLOLAPxaZo_gECkg/eAfLRIxTEoKTgHVKNqhW_6Bw0dD1ZVtt2GMjKGmZEac","width":64,"height":36},"large":{"url":"https://v5.airtableusercontent.com/v3/u/49/49/1768046400000/V-jCOT38OzgRx9lGGO3npA/eQY7AN_KfP8Ej3DvAdPZvwMRXZf5m9Dc8mFoPvxBkBhx5a0TOzY7WZl-_xn0DzXGJ2prd02tJ_lSTCWWuMV1vPzJt8dBBtbTtaxmmlG4T9My_lURkdrmYtZO7T0otcBDJY1ptQfbIrPBCmkhak8Gow/vh_8rpUVfmdcfrwqZv6xn0zIrljmTG56o_7oXjsK2PM","width":910,"height":512}}}],"Pitch Sequence":"7","Industry":["PropTech"],"Traction Summary":"üöÄ Traction summary

- AI-powered property search with natural language interface
- Targeting ‚Ç¨7B French real estate transactions market
- Partnerships in discussion with agent networks (OP, Digital)
- v0 testing planned for Oct 2025, public launch in 2026

‚úÖ Customer Validation
- Market pain confirmed: property search remains fragmented and inefficient
- Partnerships identified as main entry channel

üõ†Ô∏è Product
- AI assistant simplifying real estate search through natural language queries
- Designed to reduce dependency on legacy classified platforms


üìå Other
- Feedback: promising long-term vision, but early stage with long runway before launch
- Needs to define near-term milestones and early validation metrics
- Strategy: leverage partnerships to secure initial supply before public rollout
- CTO not full-time until early 2026","Detailed Progress":"üìÖ Progress Timeline

üë• Sep 8 ‚Äì Pre-IC Pitch

Team presented Everest, an AI-powered property search assistant

Market: targeting ‚Ç¨7B French real estate transaction market

Product: natural language interface for property search

Roadmap: v0 testing Oct 2025, public launch 2026

Distribution: partnerships with agent networks OP and Digital under discussion

Feedback:
‚Ä¢ Strong concept and clear pain point
‚Ä¢ Needs sharper short-term milestones to complement long-term launch vision
‚Ä¢ Early validation via network partnerships critical for traction","Maxime's Comment":"PROS:
Very experienced founder with 20+ years as Top executive (SeLoger, Dropbox)
Deep sector knowledge and expertise

CONS:
\"Boomer\" mindset
CTO not full-time
Cash-heavy project
Tough B2C play
Complex market with strong incumbents","Committee":"Go"}},{"id":"reca19vBRUyvW3ti7","createdTime":"2025-07-28T13:18:37.000Z","fields":{"Startup":"LegaLabs (ex Vindex)","Weekly forms":["recipes4yqaZrAcYm","recUQPR5gQCWZNtnE"],"Team Members":["recEOHF4Z0BmZq56C","recnO8Mn6MVb3cpzM"],"Startup in a word":"\"Stripe of legal knowledge\" - build the infrastructure for AI legal agents.
","Previous Decks":[{"id":"attQnWQNf1v6Iv4C5","url":"https://v5.airtableusercontent.com/v3/u/49/49/1768046400000/a7damUjm07MaoXcW6uAX9Q/wN403Q5ih7AuXsV2CvfMqvshhX134PdcdL4z8ivN3A23e_w6uYg_SZwsbfJ6MgoKSlkZAlmjRKsiTkEDsUsvzZCZEQd-efvU_jPPCnMfo50mz1QuNbcRrIF1Gq7OMBR_7HgIywcs7DAftE91l59srVlcXPq3FIN5_lf7fga2x-0N0qoCAG5Zg1-QXJNvjGKr/hstUb7tO9HxMVecj729_8C5zmi9Lezo9g3ji5FPJrXQ","filename":"Legalabs (Vindex) - August 22, 2025.pdf","size":1791920,"type":"application/pdf","thumbnails":{"small":{"url":"https://v5.airtableusercontent.com/v3/u/49/49/1768046400000/9LuMUNrPd7E8OZYKnFN4ag/o6kARk5di_gg33NU1YAeqYVNNdMTVFarcR4NVmO2gCP6kqOS0qmVYuRzb8wx689LGl7SPwyOMZBjbRosxBJ21K-IfaaJ0ae6aQGXMDVeQVz8w3a-84gMn3WwcOLx-07NIXMcaY8OsXfnyZD5fp3DQw/xTy_bqj_iQ-w3MqZMd2Z2CI3X0-OxymmdL-pHx1FbEo","width":64,"height":36},"large":{"url":"https://v5.airtableusercontent.com/v3/u/49/49/1768046400000/0dNi5HjTx2LSZoSedsK4yw/noBA8LNYTGrm8DFNSwOXhKUfugWINbK-ERsLOgTHd-4XdruifOnDPX0Q8OQiquzbb-kGPaTdUldNCyowwjQCTCEmSWjlSSlcNUR0SRF0ZJ5Zof72swrOuP1_qQX80pfwdRXfM3jjkNghe0ZEtDnUqQ/bpoCRUU-pVWkWWz5n2P8XSGlYmKFKE86ovuJwXbj3gw","width":910,"height":512}}}],"Startup Evaluation":["recFyvvavuu7mK8vB","recO4yzeiKK3pnV3L","recoh6jGlhimRJ2cv","recQJJbclmpT50sDg","recQTZjFg9Q5ZzvOQ","recvwefaaox8RPm7d","recaIY3WC9faSLzdZ"],"Pitch Sequence":"7","Industry":["LegalTech"],"Traction Summary":"üöÄ Traction summary
- MVP launched, 6 waitlist signups to date
- Design partnership signed with legal publisher (‚Ç¨30K creation fee + ‚Ç¨10K/year)
- Founder credibility: built Good Legal to 48K users

‚úÖ Customer Validation
- Early signups (6 on waitlist) show lawyer interest
- Design partnership confirms B2B demand

üõ†Ô∏è Product
- Pivoted from infrastructure API to lawyer-facing tools
- Browser-controlling AI agent for legal research

üìå Other
- Feedback: strong founder credibility, but product positioning (prosumer vs infra) still lacks validation","Detailed Progress":"üìÖ Progress Timeline

üë• Jul 25 ‚Äì Team Formation

- Zac (Good Legal ‚Äì 48K users) partnered with Moussa (AI engineer)

Initial idea: infrastructure API for AI agents ‚Üí pivoted to lawyer-facing tools


üé§ Aug 8 ‚Äì Pitch

- Problem: legal research chaos (10+ logins, 20+ tabs)

- Solution: browser-controlling AI agent

- Traction: 54 outreach emails (44% click rate), 1 waitlist signup, 60K-lawyer database available

- Ambition: build 4 tools/month


üé§ Aug 15 ‚Äì Pitch

- Reframed as ‚ÄúStripe for legal research‚Äù, infra for AI agents by 2030

- Progress: 6 waitlist signups, iterating on landing page

- Feedback: strong founder credibility, but unclear positioning (prosumer vs infra); need sharper articulation of target customer


üé§ Aug 22 ‚Äì Pitch

- MVP nearing launch

- Positioning still too technical (‚ÄúSERP Firecrawl API‚Äù), lacked lawyer connection

- Learning: lawyers prefer immediate interaction via UI vs pure infra

- MVP private beta scheduled for Monday


üé§ Aug 29 ‚Äì Pitch

- Progress: 7 tools launched

- Signed design partnership with established legal publisher (founded 1612): ‚Ç¨30K creation fee + ‚Ç¨10K/year maintenance (credit-sharing model)

- Market: ‚Ç¨850B legal tooling, dominated by human effort

- Feedback (Salomon): strong pain/solution framing + vision, but slides need stronger visuals for investor impact","Full Notes (Office Hours + Friday Pitches)":"https://polar-scale-0bb.notion.site/LegaLabs-ex-Vindex-25e1466f886f80f58abce7629caab884?source=copy_link","Traction Summary old":"48K-user founder background, MVP launched, 6 waitlist signups, design partnership with major legal publisher (‚Ç¨30k fee + ‚Ç¨10k/year), pivoted from infrastructure API to lawyer-facing tools.","Detailed Progress old":"Jul 25: Team formed. Zac (founder of Good Legal with 48K users) partnered with Moussa (AI engineer). Initial idea: infrastructure API for AI agents, later pivoted to lawyer-facing tools.

Aug 8: First pitch. Problem framed as legal research chaos (10+ logins, 20+ tabs). Solution: browser-controlling AI agent. Early traction: 54 outreach emails (44% click rate), 1 waitlist signup, 60k lawyer database available. Ambition: build 4 tools/month.

Aug 15: Pitch. Reframed as ‚ÄúStripe for legal research,‚Äù emphasizing infrastructure for AI agents by 2030. Progress: 6 waitlist signups, iterating on landing page. Strong founder credibility noted, but product positioning unclear (prosumer vs infrastructure). Feedback: need sharper articulation of target customer and approach.

Aug 22: Pitch. MVP nearing launch. Positioning still too technical (‚ÄúSERP Firecrawl API‚Äù) and lacked clear lawyer connection. Learning: lawyers want immediate interaction with a UI, not just infrastructure. MVP private beta scheduled for Monday.

Aug 29: Pitch. Progress: 7 tools launched, background credibility with 48K-user Good Legal. Signed design partnership with established legal publisher (founded 1612): ‚Ç¨30k creation fee + ‚Ç¨10k/year maintenance with credit-sharing model. Market framed as ‚Ç¨850B legal tooling space, currently dominated by human effort. Feedback from Salomon: strong pain/solution framing, good vision, but slides need stronger visuals for investor impact.","Maxime's Comment":"PROS:
- CEO strong traction and high domain expertise in the legal sector (lawyer himself)
- Forward thinking vision of the future of the industry
- Shipping fast and working hard (working on weekends, and shipped 4 mvps in 4 weeks)

CONS:
Unstable & unpredictable CTO
CEO not very confident
Unclear roadmap
\"Messy\" team (unorganized)","Committee":"No"}},{"id":"recfwAXL9FCSPpKdU","createdTime":"2025-07-17T11:01:02.000Z","fields":{"Startup":"Certin","Weekly forms":["recxBxbUT5vD6VwFN","recPik057MUsfQVHE","recW3Gw0G8PXzp0Jo","recfzatyC6Dt3A4ds","recry6lHPEYDQYFkN","recxL40p174LNTisQ"],"Team Members":["recLUoF1qWfeco20K","rec561LyNaAksEZPi"],"Startup in a word":"Operational Intelligence for Modern Logistics

Ops teams in logistics are overwhelmed and drowning in scattered data between WhatsApp, spreadsheets, emails, and siloed systems. 
Certin is building an AI platform that analyzes operational data, detects SLA risks early, and automates workflows","Notes":["recj425iVHvKyQd7r"],"Previous Decks":[{"id":"attjfe4apMRuKFGYN","url":"https://v5.airtableusercontent.com/v3/u/49/49/1768046400000/CE8FolSVNRRgd3G8Y_icRQ/SJbBSB48R20VULrhX7JjbzHePjv1MkkMNWivJV1Wtkzwp0O9W2ogH2oMGyL-Dyf66jvYued6Y8ZNtcGgQ_seiYvleWmXKcPg6WTQIzVBhWT7R2Wm60hnCZVf-HXyRqXlNq9GolCQmcpoYAadezAZoBFFD4TNv2GDwFT5DDM_LPI/gs6FhZ8n9F860YqGBTbBGCwW-hq3pP8lGKnV3omVOCU","filename":"Certin Deck.pdf","size":10742430,"type":"application/pdf","thumbnails":{"small":{"url":"https://v5.airtableusercontent.com/v3/u/49/49/1768046400000/8mvPlUr7h83ou6Z3bTfsvA/d8KiKCBSb2Cs1sxkAY8JfTehD3VImRUZVIrgbhcFAZkGJxdaEx3qQ-Qt7RNz1Sowq0JWYn4BpIjmI7DEFHJDa1Ok0Ajw23NmCEJQtDN9_AqXeTP-V8KusdOxH6giXvw9Mpkndal618bKZphFdzt-fg/YFxjdA_l6leTeFwMDABK-maU2XE1qA_sJ0xdrwwE5D8","width":64,"height":36},"large":{"url":"https://v5.airtableusercontent.com/v3/u/49/49/1768046400000/4Y9wTTI2XRRIJneuqdwxNg/gUI88NWV62dFGRysqUVtBPJxpmLeZbIwJ-wgWT7MfIe3EWIs4YEvAc0DtPTghrcQL14GiToNWgbCSchUt3uFtZhk4towJWZDfajyNgiFpRltkSBrl_BEcMIrjPo2H5SoS2-So_g6wbTf4EOJkTB1bA/qPhqAjs7We1GXE9qvhLMRPrqL9MWgPZpIeSzF1DVOig","width":910,"height":512}}}],"Startup Evaluation":["recV7UVRk9wH65bcc","recUA1PMC3tXx4IRx","rec7kDkpXDnqshR9s","recrQc2Z1VxF3D2Iz","recFj8EAEpIHw8s1V","recBqFtfngCZHebef","recg5YIRCiYmu4xTQ"],"Pitch Sequence":"9","Industry":["Logistics"],"Traction Summary":"üöÄ Traction summary
- 3 LOIs signed, including Tesco (paying MVP)
- MVP launch planned for Sept 1
- Target: 10 LOIs and 5 paying customers by IC

‚úÖ Customer Validation
- LOIs secured with Turkish logistics firm (also potential investor) and Tesco
- DHL innovation team in pipeline; high-level execs engaged

üõ†Ô∏è Product
- MVP ~70% complete in mid-August: backend + email parser + WhatsApp integration working, dashboard in progress
- MVP launch Sept 1
- Focused use case: logistics exception management (lost/missing parcels)

üìå Other
- Feedback: avoid overly generalist framing, clarify integrations with legacy logistics systems","Detailed Progress":"üìÖ Progress Timeline

üë• Jul 8 ‚Äì Team Formation

- Barbara ‚Äì ex-logistics startup founder, BD
- Christian ‚Äì CPO, leading freelancers

- Focus: AI operational intelligence for logistics, starting with exception management (lost/missing parcels)

- Early traction: landing page live, LOI with Govara (Turkish logistics player, also potential investor)


üõ†Ô∏è Aug 6 ‚Äì Office Hours

- Product ~70% complete: backend ready, email parser + WhatsApp integration working, dashboard in progress

- LOI with Govara; founder‚Äôs prior company used as design partner

- Weaknesses: limited visible traction, unclear speed of progress

- Feedback: pitch too vague/generalist; needs tighter problem framing + single use case


üé§ Aug 8 ‚Äì Pitch

- Position: AI operational intelligence for logistics

- Progress: design partnership with Govara; DHL innovation team in pipeline (slow due to vacations)

- Exploring accounting firms as distribution partners

- Tech ~70% complete; launch targeted end of month


üõ†Ô∏è Aug 13 ‚Äì Office Hours

- MVP timeline unchanged: end of month

- Development accelerated with AI tools

- Sales pipeline: 15‚Äì20 daily personalized emails (via Crunchbase Premium)

- Positioning refined to exception management (lost/missing parcels)

- Feedback: need stronger storytelling; avoid ‚Äúdashboard that does everything‚Äù


üé§ Aug 15 ‚Äì Pitch

- Progress: 3 LOIs signed incl. Tesco (paying customer funding MVP)

- Targeting ‚Ç¨200M embedded analytics market in Europe

- MVP launch set for Sept 1

- Feedback: presentation too wordy + low-energy; integration with legacy logistics systems questioned


üé§ Aug 22 ‚Äì Pitch

- Team strengthened: Barbara + Christian (experience: 9+ products, Daimler Trucks)

- Progress: 3 partners in discussions, high-level European executives engaged, MVP pre-launch prep underway

- Technical milestones: ingestion layer, WhatsApp/CSV integration, dispatcher shift overview

- Feedback: compelling team + problem framing, but still no traction metrics beyond LOIs","Full Notes (Office Hours + Friday Pitches)":"https://polar-scale-0bb.notion.site/Certin-25e1466f886f80d69b00f2c6ee0463fa?source=copy_link","Traction Summary old":"3 LOIs signed (incl. Tesco paying MVP funder), MVP launch Sept 1, pipeline of European logistics execs, targeting 10 LOIs and 5 paying customers by IC.","Detailed Progress old":"Jul 8: Team formed. Pivoted from invoicing/claims idea to operational risk identification for logistics. Barbara (ex-logistics startup founder) leads BD, Christian (CPO) coordinating tech freelancers. Early traction: landing page live, LOI signed with Turkish company Govara (also potential investor).

Aug 6: Office hours. Product ~70% complete: backend ready, email parser & WhatsApp integration working, dashboard in progress. LOI with Turkish logistics player; founder‚Äôs prior company used as design partner. Weakness: limited visible traction, unclear progress speed. Pitch feedback: too vague and generalist, needs tighter problem framing and single use case.

Aug 8: Pitch. Positioned as AI operational intelligence platform for logistics. Progress: design partnership with Govara, DHL innovation team in pipeline (slow due to vacations). Exploring accounting firms as distribution partners. Tech ~70% complete, targeting end-of-month launch.

Aug 13: Office hours. MVP timeline unchanged (end of month). Development accelerated using AI tools. Sales pipeline: 15‚Äì20 daily personalized emails launched via Crunchbase Premium. Positioning refined to focus on exception management (lost/missing parcels). Feedback: storytelling needed, avoid ‚Äúdashboard that does everything.‚Äù

Aug 15: Pitch. Progress: 3 LOIs signed, incl. Tesco (paying customer funding MVP). Targeting ‚Ç¨200M embedded analytics market in Europe. MVP launch set for Sept 1. Feedback: presentation too wordy and low-energy; integration with legacy logistics systems questioned.

Aug 22: Pitch. Team strengthened: Barbara + Christian (9+ products, Daimler Trucks). Progress: 3 partners in discussions, high-level European executives engaged, MVP pre-launch prep underway. Technical milestones: ingestion layer, WhatsApp/CSV integration, dispatcher shift overview. Feedback: compelling team + problem framing, but still needs traction metrics beyond LOIs.","Maxime's Comment":"PROS:
Strong team: Both CEO and CTO have strong industry expertise in logistics
CTO: Great communicator and pitcher
First pilot with Turkish Logistics company
Good network in the industry

CONS:
Unreliable CEO - commitment issues
Unclear progress
No unique insight/differentiator","Committee":"No"}},{"id":"recgcfQoyVJ6vQcOv","createdTime":"2025-06-27T14:48:10.000Z","fields":{"Startup":"Invest'Her","Weekly forms":["reca2V92qlGSbzKp7","rec9LENDaTDJvNbEV"],"Team Members":["recSr6YEhbB1B1OSY","recHBTI1ypAieclDf"],"Startup in a word":"Empowering women to manage their finances and engage in financial investing","Notes":["reci2cnBtnoslYviD","rec3buS9i1pCODN3W"],"Active / inactive":["dead"]}},{"id":"rechY9RpaTtX4jAW5","createdTime":"2025-06-27T14:27:50.000Z","fields":{"Startup":"GoFusion","Weekly forms":["reccg9NK8gskAmYcZ","recTdlpoIEQu3odvb","recS5SS0LlhKj4iPQ","recg9Hwso7Rpd7ZDX"],"Main SU 2025 (2)":"Oudavone Surot, Thomas Martin","Team Members":["recAPE9yt0iJZVBA0","rec1LGBT5rBulQ00D"],"Startup in a word":"Go Fusion is a gamified app that engages employees on health and climate issues through real-life challenges ‚Äî personalized to the company‚Äôs strategy, measurable, and motivating.
Personas: HR Directors, CSR Managers, Health & Safety Officers‚Ä¶","Notes":["reckVBbh7dD6ndHnw","recOALQWjnYrJzWVk","recHYIBx0JnnCOVZL","rec7zvLBmytD2Dy8B","recCyz96BdWMP0sUl"],"Active / inactive":["Selection Day No Go"],"Previous Decks":[{"id":"attsB5Cx7y5ht8XIQ","url":"https://v5.airtableusercontent.com/v3/u/49/49/1768046400000/9Em823q9FhR2E2t0VCx11g/X8_FANrlpcSu8Q3Tan84PK-8-I8CehCBE8geKdDAPnztLayJ5l2AclCRSlSZA2s7UmejybDZ7t4JE_ZPZACgg5dv4sD8ScdVtqmlAq_yCCn-s13MM7lbSKCLpfFftHQRvBQmChB8efivjnxRq6QiieebTNLRvPUUMYwAuEtDorgO3ndJGsCpicrbi2GAEAtI/2w8wVgvhwfVOyssUrT340cs09eqHuLTKpxCjWivRaZc","filename":"GoFusion-5 Minutes Pitch Deck.pdf","size":1537807,"type":"application/pdf","thumbnails":{"small":{"url":"https://v5.airtableusercontent.com/v3/u/49/49/1768046400000/CeZTQcFh8nx24L3GmG_dww/kAq2aXCaPegDMB2-CFB9A5Sef4zcIWemoL3bPlN7BiQaXzpjlKXYLA7CTn1pI4Dq0OBB0TOoT_woj2mNtNd33XvrB3npHvwd6345yub_-GAimWS1nkZfMi1RDI9mdwrQdUjsL7HgMZDWW_aFsX3low/kj-Dgo6s9-9MmZBd77BS1a-NzJ_FSXdGNBRguNIPG7I","width":64,"height":36},"large":{"url":"https://v5.airtableusercontent.com/v3/u/49/49/1768046400000/HnppwW6YWQZbe7WujVuAxg/8HN32wI6jeakB522SP8jufn9ZRzzFhPuwtgkAjYGUX3w7n4qDKtOAdD5aGjXZBfExUycRnFssq-dE-XOVlEbPM6TJ5cqy5VhdmNa8pcqREWZefvtATUv0wRJm7C9cCndbgsi8g-XUoMOja3-YqZpFA/9zJ0QwsBLGdYnA5zAbku5EEkdAqUi4ryoNFy83FI_6w","width":909,"height":512}}}],"Startup Evaluation":["reckoUnKrFbLfR33I","rec7d5u2k3jf65ToR","reczzuxxUOxyH58XC","recEjlzu6JEDuHGsg","recGDJSDsBHlVySa1"],"Pitch Sequence":"16"}},{"id":"recjkOOsE15ZOrrMN","createdTime":"2025-06-27T14:28:55.000Z","fields":{"Startup":"Not in a team yet","Notes":["recBpQTa4c0tbcSSa","recLwLXdAjq8xzz8z","rec0Cy5DnjWsR56bJ","recv3lS4DSfPsKjDb","recLIcylrSwzdzPBj","recieDoOjDov2Jo6D","recgHxssLG6RrHaqC","reclitNc3KZucyLFJ","rect9BkirK5w71kMK","recuUCg0lJc6gIU9Y","rec78CJ3vOSkDHuE6","recVnYbQSfBZ9dO08","reciBfSkPkTSpIr8D","reclVY2FjAtp6MyUd","recLnWSmGtduO4GzB","recZK7KdULWVVuJXC","recqND76a0Fmryu8r","rec18m36xxIjCMzDO","recDTJkNgKGrSxohq","rec8R7ggVbue246PA"]}},{"id":"reck8wtLF8vPfrml3","createdTime":"2025-07-28T17:11:38.000Z","fields":{"Startup":"LeadCatAI","Team Members":["rec2cIF9tr7DRPBKK"],"Startup in a word":"AI agents to find companies that want to buy your product","Active / inactive":["Selection Day No Go"],"Startup Evaluation":["recoHAduo2SQAaKlt","reccgCgRsZmFP8GNF","recuG9gx83NWXZ9Pp","recv3ttrbK1yaWPyD"],"Pitch Sequence":"17"}},{"id":"recqqNkMnWZ5iRnnC","createdTime":"2025-07-28T13:18:07.000Z","fields":{"Startup":"AdaLove","Team Members":["recSr6YEhbB1B1OSY"],"Startup in a word":"The AI financial advisor designed by and for women","Active / inactive":["Selection Day No Go"],"Previous Decks":[{"id":"attGaN2RvgJeLnBeZ","url":"https://v5.airtableusercontent.com/v3/u/49/49/1768046400000/SszVbLFOVgdozHarM27_hw/p89Y_LG4k1C7vzfv4-OkQKYBlWAJmxja8E3r0ZaRO01MmTeb3qZzsGAdNdCW342ESHK-8pwxvAOFo_ojspMS42yZ0jhxHRTcC16RDGx60l1Kk8nh2sZ7HYPCLowAG04-68yr-l5rXZaPB-LvJCqPTRhwYvEltI3pM3aLRfh9HT98lCMR0usY9JwfP6p0HOeo/3mafl0VPf1Z14UdAMKbDnsiVo8lMXSF6zWJkYupTXHs","filename":"Pitch Deck - AdaLove - presentation 25_07.pdf","size":284759,"type":"application/pdf","thumbnails":{"small":{"url":"https://v5.airtableusercontent.com/v3/u/49/49/1768046400000/GaAMYRcWn8sh3J1DniQKqw/QZZBSjn6XOf5KI17jNqxKpZOTuG78uh9KLEm4fM3BOYWWXLzW9u-zNJc0gK7_PsZgPkQj2zFg4no48qLwkq492HMM6rUZZ_HKRcE0Xoa_NesHy9F4Uu0ffBCRcDcGNlgYHBru4yA52QCDuPUHfVGSA/Kodx5nW2ETOvFM29IBIy5MCfINXfnjr4mOemTequpaU","width":64,"height":36},"large":{"url":"https://v5.airtableusercontent.com/v3/u/49/49/1768046400000/fXqy4q8cm3X1QhTYP866ig/gG2WG_PeajW6FZfPKyRt9Fx7y9lX6OVoRxuqTJMIzZMUZ_eNzxUREDh8pzJtdJL2smovKnYCVElXoUAol9Sm-veNJgYwOqsAhEBx-Trdz0irEaHv2qCv3XGETJfQ3UUTa8466IgmHeDr0rBVZPovwQ/pt9rkMCPiZ5y82IigydIJib-qAEtd8b6PFpIiC3eXZ0","width":910,"height":512}}}],"Startup Evaluation":["recf0BAdOktas2EcP","rec5sk4YWuwIQ0buB","recqdl0O8zx8FZ6QS","recfY7QqvdVzeujJ0","recJHQovO6tzE0cmV"],"Pitch Sequence":"10"}},{"id":"recrvuP1aF4gcmOGR","createdTime":"2025-06-27T14:28:16.000Z","fields":{"Startup":"Mirmi","Weekly forms":["recJZHMfEKLPBWsrO","recQTktWaUMQmV4gY","recA7eYx2ywIKYw7T","recTKy1vfI0V2O2R4","recF1oTvahPNjcrV2","recGiC7VTCooZuFlH","rec86LDwDl9eEtw2e"],"Main SU 2025 (2)":"Alex Hayem, Mariya Borovikova","Team Members":["recHx5khDcNw6mQJU","recuqVu5yHzofeALq"],"Startup in a word":"The AI that knows your internal legal rules","Notes":["recm1t1fMB8nLJaCj","recDOwRUu5nHohVWq","recF5eqT57QheaA4F"],"Active / inactive":["active"],"Previous Decks":[{"id":"atteFJEnoGskHVIdQ","url":"https://v5.airtableusercontent.com/v3/u/49/49/1768046400000/2hKjMU3HrBMYDgdF78w_dQ/O2ZTFWjBr0UCD0TpqWhhyKxinBRHXk1bh4VtPzYCUt0UZqD0NHcjPvjMlpwZ2A_aJdtmwn-s1od8AdY2XsVyYZYPMudOdUIbm2M0NXorefeW2ffy38KpnsJRuK2Gdl34Bxn_2nUYgqOTKR4ChH1F2cFQCKaQIIY2fBHvEvpLXnMG29wmvwNI1dGbCsSUBbbO/jVJbiiPjOyFdpRzEbru4lEoX0a3I2u_CL-6-LEh8zOk","filename":"Copy of ORAL DECK 3MIN Mirmi 09.25.pdf","size":20387067,"type":"application/pdf","thumbnails":{"small":{"url":"https://v5.airtableusercontent.com/v3/u/49/49/1768046400000/6TXrSvBBDXZzGHEBj1uemg/4Tp6mZXmjpVcHstb981LDmG0myRiSEeD9oCnKLDsEe_ac9pYNYA0QJjwZKGxCIZbf7zdO5bBNV_lNqDjNpE8DpU1NV8ytRS3pXeAxdDd9bN07SpO0ybB9sVH5_LuGDG6YJddIPw33M6NNbZ3q5NzZg/WmmI2lGl8a_fi8ooU0CjOL_mxBpiunYwEgypzMjdqp8","width":64,"height":36},"large":{"url":"https://v5.airtableusercontent.com/v3/u/49/49/1768046400000/OcFuFGFMbUHvNzrOHXh8fw/qDanjTy_Yo_jy8YuXLKG76NOcxwzH4819dmw9RcfXkjJK8VaFYvHQ-evu1iElnN3VkfCCrwg5V2NO5IdKnjdgNQiJ66b_tVE_4c1FclJndnwKus-xl7ryvgN2607rXlrzqU814qfqHbMjvhAQj1v_g/yTOwjHjSOmYjZVAGTy2w2T78PMhCuPEGZIMT_czAhzM","width":910,"height":512}}}],"Startup Evaluation":["recvJUsTVXq9E84sK","recNbPjkX3F7tAQnI","recZD7VdPTkVUHHRa","recNiFyE0s8yHlC6X","recHjyvAYl2C6SL4F","rec306dGbH4RKgoEP"],"Pitch Sequence":"5","Industry":["LegalTech"],"Traction Summary":"üöÄ Traction summary
- ‚Ç¨15K paid pilot signed with Hitachi
- Advanced talks with Alstom, Coface, CEVA
- Target: 1 more pilot in September

‚úÖ Customer Validation
- 50+ interviews with legal and procurement teams
- Identified SaaS companies as promising ICP (60+ targets)

üõ†Ô∏è Product
- v1 product ~2‚Äì3 weeks from launch (as of early August)
- Core feature in progress; resolving contract history bug
- AI solution automates repetitive legal reviews, cutting approval delays by up to 80%


üìå Other
- Feedback: clarify problem framing (3‚Äì4 week approval delays), refine competitor landscape & ACV pricing (‚Ç¨50‚Äì100K)
- Concerns raised on market timing and competitive differentiation","Detailed Progress":"üìÖ Progress Timeline

üë• Jun 17 ‚Äì Team Formation

- Maria (PhD in AI/NLP) + Alex (B2B entrepreneur)

- Initial focus: large B2B companies with legal approval delays


üõ†Ô∏è Aug 4 ‚Äì Office Hours

- Product v1 ~2‚Äì3 weeks from launch

- Focus clarified: contract-heavy industrial players (500+ employees, Europe)

- Goal: sign 1 more pilot by end of August


üé§ Aug 8 ‚Äì Pitch

- Alstom demo scheduled, Odoo meeting secured

- Strong tech progress but bug in contract history management


üõ†Ô∏è Aug 11 ‚Äì Office Hours

- Alstom less suitable (public procurement focus)

- Sales strategy pivot: angels ‚Üí direct prospect outreach using advice-seeking approach

- SaaS identified as promising ICP; building list of 60+ targets

- Pipeline goal: 3‚Äì4 pilots (2 minimum acceptable)


üé§ Aug 15 ‚Äì Pitch

- Emphasis: AI solution for repetitive legal reviews

- Progress: 1 pilot signed with Hitachi, demo scheduled with Alstom VP Legal, strong interest from Coface & CEVA

- Goal: 1 more LOI + 5 new companies contacted

- Feedback: GTM too broad; unclear organizational behavior change required


üõ†Ô∏è Aug 18 ‚Äì Office Hours 

Feedback:
‚Ä¢ Tagline too vague
‚Ä¢ Problem framing needs specificity (3‚Äì4 week delays)
‚Ä¢ Slides lacked text hierarchy
‚Ä¢ Recommendation: start with team slide for credibility


üé§ Aug 22 ‚Äì Pitch

- 50+ interviews

- Signed ‚Ç¨15K paid pilot with Hitachi

- Ongoing discussions: Alstom, Odoo

- Feedback: better clarity, but missing competitor landscape & distribution strategy


üé§ Aug 29 ‚Äì Pitch

- Progress: 50+ interviews, ‚Ç¨15K Hitachi pilot confirmed

- Ongoing discussions: Alstom, Coface, CEVA

Feedback (Salomon):
‚Ä¢ Strong pain point identification
‚Ä¢ Questions on technical integration
‚Ä¢ Reliance on past approvals for high-budget decisions
‚Ä¢ ACV pricing justification (‚Ç¨50‚Äì100K)


üé§ Sep 8 ‚Äì Pre-IC Pitch

- Position: AI platform to streamline legal workflows and reduce approval bottlenecks

- Traction: ‚Ç¨15K pilot with Hitachi, strong enterprise interest (Alstom, Coface, CEVA)

- Validation: clear pain point ‚Äì 3‚Äì4 week contract approval delays

- Revenue model: targeting ‚Ç¨100K pre-seed through pilot scaling

Feedback:
‚Ä¢ Solid product solving real bottleneck, but concerns on market timing and competitive differentiation
‚Ä¢ Must refine competitor landscape and sharpen differentiation","Full Notes (Office Hours + Friday Pitches)":"https://polar-scale-0bb.notion.site/Mirmi-25e1466f886f800e8fa6f6e8f6bc5901?source=copy_link","Traction Summary old":"50+ interviews, ‚Ç¨15K pilot signed with Hitachi, advanced talks with Alstom & Coface, aiming for 1 more pilot in September.","Detailed Progress old":"Jun 17: Team formed (Maria ‚Äì PhD in AI/NLP, Alex ‚Äì B2B entrepreneur). Targeting large B2B companies struggling with legal approval delays.

Aug 4: Product v1 ~2‚Äì3 weeks from launch. Hitachi pilot nearly ready. Market focus clarified: contract-heavy industrial players (500+ employees, Europe). Sales pipeline built with color-coded stages; first goal set to sign an additional pilot by end of August.

Aug 8: Pitch framed around removing 80% of legal bottlenecks. Alstom demo scheduled; Odoo meeting secured. Strong technical progress, but faced contract history management bug.

Aug 11: Alstom less suitable (public procurement focus). Maria advanced on core feature but still battling bugs. Sales strategy pivot: from angels to direct prospect outreach using ‚Äúadvice-seeking‚Äù approach. Identified SaaS companies as a promising new ICP, building list of 60+ targets. Discussion on stealth mode vs launching basic website. Pipeline: aiming for 3‚Äì4 pilots, 2 minimum acceptable.

Aug 15: Friday pitch emphasized AI solution for repetitive legal reviews. Progress: 1 pilot signed with Hitachi, demo scheduled with Alstom VP Legal, strong interest from Coface & CEVA. Goal: 1 more LOI + 5 new companies contacted. Feedback: go-to-market too broad, unclear on organizational behavior change required.

Aug 18: Deck review for IC prep. Feedback: tagline too vague, problem framing needs specificity (3‚Äì4 week delays in B2B context), slides lacked text hierarchy. Recommendation: start with team slide for credibility. Both Salomon & Bruno will be voting at IC.

Aug 22: Clearer pitch delivered. 50+ interviews since May. ‚Ç¨15K paid pilot signed with Hitachi. Alstom and Odoo discussions ongoing. Feedback: stronger clarity vs previous weeks, but competitor landscape and distribution strategy still missing.

Aug 29: Team presented refined version. Progress: 50+ interviews, ‚Ç¨15K pilot with Hitachi. Ongoing discussions with Alstom, Coface, and CEVA. Salomon feedback: strong pain point identification, but questions on technical integration, reliance on past approvals for high-budget decisions, and ACV pricing justification (‚Ç¨50‚Äì100k).","Maxime's Comment":"PROS:

TEAM:
The team has a quality CTO with a PhD in Machine Learning.
Great pitching clarity.

EXECUTION:
Good Sales dynamic with advanced discussions with several entreprise clients with resulted in a signed 15k EUR Pilot with Hitachi.


CONS:
The CEO has weak soft skills and is never on-site.
","Committee":"Go"}},{"id":"recxTQWoeOvfbefXm","createdTime":"2025-06-27T14:58:13.000Z","fields":{"Startup":"Pitch Day","Weekly forms":["reccwfZKISJA0oOvn"]}},{"id":"recytyNYmCLGxzIgt","createdTime":"2025-07-17T10:48:17.000Z","fields":{"Startup":"Vuen AI","Weekly forms":["recdgnx0FAxKUSnzq","rec8IxUgoCGCuFrR7","recXo3qSKutoVqs9E"],"Team Members":["recmWjRA5A3dYT8P8","rec1jwsAl6dhrtLFz"],"Startup in a word":"A framework to build and chain visual agents that see, reason, and act on screen interfaces Think LangChain for Visual Agents","Notes":["rec9XMazjUKGK8Wki","recysEG7jGUmBobGM"],"Active / inactive":["Selection Day No Go"],"Previous Decks":[{"id":"atthkeSbUpfi0kgtm","url":"https://v5.airtableusercontent.com/v3/u/49/49/1768046400000/zSckxTCiuaaMKV1ud71z1Q/ACHyZ1UjOvVp9kHH9IlNpYdvDsok7rWsjbfauYjs2jwiPuYTXUo57RmMhvwaCxRqx0TgJ6qG1OVzYBrz4JQ8M8BHtw8NNmRZFEPQY315hCskBuom-p9OFtMR1UR7M3RhKGUK32sZiXbSKQhhQJPGaB_yXTkiRApq2R3T7TXtV6Y/-QwrN9ElidYwOGZVJbb-HMZT8T_PbfyioQi9lKPV-Dc","filename":"Selection Day VUEN AI.pdf","size":28476877,"type":"application/pdf","thumbnails":{"small":{"url":"https://v5.airtableusercontent.com/v3/u/49/49/1768046400000/ET4gZ6Bs3KkrT_l6oCPdYQ/hil-AOdpCsrxlvuAWd82SP3JpXdfcEsojfDywfkavlKFz3tv2ZjCvVke09MQCS30YWDaFVi6qKPiC8dgtwHM2K43GUY4u-kgwmAIyXz4LT7GqJ-IBtCgjpXYl6t4Y3Q-TTSKFFcaQwvqktlMMRPXKg/0fWUr0rpo568pM0KN60AvTjA2F1DZHLbsq1-JnxzNe8","width":64,"height":36},"large":{"url":"https://v5.airtableusercontent.com/v3/u/49/49/1768046400000/f0Z8xZZIcIoHgpFEQwXDww/h03oJ2BxouZOtAgOa_uFaJJSrjn89VSL9_JYeWBuLoXZMGDyzaEBkOpKpigZqjx4cM_Em2HsfORDs6Gr9KI7xU-Nx4T_8CuBXTsO9OnSCFuo1A9nK7ismi9pKcMTSz8sBRIUpzgbzI5hugMbpvOSpQ/HiNYRv2x_rPl5jT5NRX5IsCZNvFmd1WeD8uKykltUqQ","width":910,"height":512}}}],"Startup Evaluation":["rec4y9MA2Hc8mZqlp","recZ3vQ0hXzhuMOO2","recBExUmvD2AQVgmN","recdzkTawmI7sNAW1","rec8ZPVzTHlqxV2z3"],"Pitch Sequence":"12"}},{"id":"reczBZLnrTPQVYfu0","createdTime":"2025-06-27T14:27:01.000Z","fields":{"Startup":"AvaHome","Weekly forms":["reczuqbva8T3SNYVS","recSB7aTeA6wWMBbK","recHJGpVbq74GqabR","recQmFnc4EMd5IYea","recXFdvpBJ9PcySrx","rec2BkTIfr7SEfKxq","recF53NTXffslRCKx","recM3ZbmDRgp7ykfH","recodtZ2lVGFuqEEk","recHqVvZ8flDXWH1s"],"Main SU 2025 (2)":" Simon Bigot, Alan Chevillard","Team Members":["rectONLC61YtJmvN0","recECVBmDnBzslgbO"],"Startup in a word":"The AI Host for Short-Term Rentals","Notes":["recFveYZsR1G21ogm","rec7DIK3zeyZR36EX","rec31xgqiVtR8oVd4","recUnrqeQ7EnRfpTm","rec9BvF5BXw7iSEc5","recJawHLVVMBXAbz1"],"Active / inactive":["active"],"Previous Decks":[{"id":"attVgsRrZktRMrgYl","url":"https://v5.airtableusercontent.com/v3/u/49/49/1768046400000/65E9ZYSTl520YdKVIjOHuQ/ucpDG1K6LyHmXZ4XVaMoIXk4dev5f_3ZQd2nfQF3rm5f55M1Jc6y4kVRJnyUvdPXmbA1jPadB3X5-IH4BtwDZCxEy5nSnQSEoKhGVm2cKOhCs4N3_Mbwd4W1GFL1IWkp31HjEjarodKsU48ztdd-MpvPkeUM7nwLXwcYA2BQRt8/NEkQlu8ML62uVJjmpPUS-GzW7_z-VLDPlp3dgaGXYVI","filename":"Pioneers Pitch AvaHome.pdf","size":9533183,"type":"application/pdf","thumbnails":{"small":{"url":"https://v5.airtableusercontent.com/v3/u/49/49/1768046400000/brBMh_elotn92oWGCx5ouA/iZO4jV62_UbbzP60O0ZW1a2-OQhMW37uWL04rleLGAhJWwPWp7aMrD3-jZksC-YlbQd6UXIr55UuOhX4neY8-6LSt8cbQ19N_CoW8jDFL9pDcN4V1Pm643RmT953cNbVOp9CqGcypRJBoZjixtuXkQ/zixVFLd6aD3axtG76TPjMvrdCybYUQ25dnxXxSiCnj0","width":64,"height":36},"large":{"url":"https://v5.airtableusercontent.com/v3/u/49/49/1768046400000/YPjWd85_cSkeyQZ_wdX-Uw/HJJyvPYd7ZjIkuIMCn-u2gnSiz4RYx5wb-BQarCRBQ_gISqKkKRuGgLWB8EmhgRAJReXNV8dLDzRKmbfA8Ru5Gza8dONJit6SH7vNEd0zkFzpDjv9ibOEnBVYuMyV6bPeWlqHcJaBgaTf7yePA264w/qgGNiRbz5m313BGSgClkcnnyZ6VlEjyA7riFKcoYmRo","width":910,"height":512}}}],"Startup Evaluation":["recG8Ae484qc8mX1q","rec9vifNJxAnj4pCK","recZB2UqxFJRaFopz","rechCvtPbLZPH6HYA","rec4XgcNQYXEwAEOb","rec9ZvHK1WNgL6ORI","recT4aHWus4SQqoQT"],"Pitch Sequence":"4","Industry":["PropTech"],"Traction Summary":"üöÄ Traction summary
- 12 paying customers, ‚Ç¨36k ARR
- 840 hours of workforce saved
- ‚Ç¨25/listing pricing model, targeting 100-property managers globally
- Signed partnership with Flex Living (700 listings, 3-year deal)

‚úÖ Customer Validation
- High conversion rate (78‚Äì80%) from demo to paid
- Zero churn across customer base
- Customers highly value analytics features and AI-driven coordination

üõ†Ô∏è Product
- AI co-pilot for rental managers: handles communication, reviews, scheduling, and staff coordination
- Multi-platform coverage: Airbnb, Booking (integration delays), WhatsApp, calls, texts
- ‚Ç¨25/listing subscription model; MRR growing steadily

üìå Other
- Strong founding team with hospitality industry background
- Feedback: show roadmap to ‚Ç¨100K ARR, add competitive landscape and market growth data
- Competition: incumbents (e.g. Guesty) have technical debt slowing AI adoption","Detailed Progress":"üìÖ Progress Timeline

üë• Jun 20 ‚Äì Team Formation

- Vision: AI assistant to automate communication + coordination for Airbnb/Booking managers


üõ†Ô∏è Aug 4 ‚Äì Office Hours

- Focus: converting free ‚Üí paid users

- Booking integration delayed but top priority

- Lead magnet campaign launched for past Airbnb testers

- Cold calls + LinkedIn outreach driving steady sign-ups

- Goal: 1,000 listings by Selection Day


üé§ Aug 8 ‚Äì Pitch

Positioned as 8x cheaper than manual concierges (‚Ç¨60K/year savings for 40 listings)

Progress: partnership with Keynes (smart locks), outreach to larger property managers

Tech blocker: not yet live on Booking ‚Üí slowing growth


üõ†Ô∏è Aug 11 ‚Äì Office Hours

- Booking integration delayed again, blocking conversions

- Landing page upgraded with video guides + FAQs

- Outreach: 7 new sign-ups (5 via cold calls, 20 via automated campaigns)

- Learning: engaged clients push product forward; silent clients churn

- Need: automated customer issue-tracking system


üé§ Aug 15 ‚Äì Pitch

- Reported ‚Ç¨650 MRR, targeting ‚Ç¨800 next week

- Partnership: Key Nest (hardware lock partner)

- Clients highly value analytics features

- Feedback: pitch missing long-term vision beyond chatbot + ‚Ç¨25/listing model

- Next focus: automate support, stabilize Booking integration, explore UK


üé§ Aug 22 ‚Äì Pitch

- Strong traction: ‚Ç¨2K MRR, 78% post-demo conversion, zero churn, +5 clients/week

- Signed Flex Living (700 listings, 3-year partner) + domotics partnerships

- Expanded into Italy + Spain

- Feedback: highlight zero churn + multi-platform coverage; add market growth data


üé§ Aug 29 ‚Äì Pitch

- Progress: 35 customers, 800 listings, ‚Ç¨2K MRR

- Solution: AI co-pilot for communication, reviews, scheduling, staff coordination across Airbnb, Booking, WhatsApp, calls, texts

- Feedback (Salomon): strong PMF + sticky model, but missing roadmap from ‚Ç¨2K MRR ‚Üí ‚Ç¨100K ARR + competitive landscape


üé§ Sep 8 ‚Äì Pre-IC Pitch

- Position: AI operations manager for short-term rental hosts

- Traction: 12 paying customers, ‚Ç¨36k ARR, 840 hours of workforce saved

- Pricing: ‚Ç¨25/listing model, early tests at ‚Ç¨10/listing

- Value: boost host margins from 10% to 40%

- Team: strong background in hospitality industry

- Feedback:
‚Ä¢ Competitors like Guesty face technical debt slowing AI adoption
‚Ä¢ Must refine roadmap to ‚Ç¨100K ARR and highlight competitive edge
‚Ä¢ GTM focus on Europe via database-driven email + WhatsApp campaigns","Full Notes (Office Hours + Friday Pitches)":"https://polar-scale-0bb.notion.site/AvaHome-25e1466f886f80f59e1ce873e4c574f3?source=copy_link","Traction Summary old":"35 customers, 800 listings, ‚Ç¨2K MRR, 78‚Äì80% post-demo conversion, zero churn, signed Flex Living partnership, expanding in EU (Italy/Spain).","Detailed Progress old":"Jun 20: Team formed. Vision: AI assistant to automate communication and coordination for short-term rental managers (Airbnb/Booking).

Aug 4: Focus on converting free users to paid. Booking integration causing delays but prioritized for rollout. Lead magnet campaign for past Airbnb testers launched. Cold calls and LinkedIn outreach bringing steady sign-ups. Milestone goal: 1,000 listings by Selection Day.

Aug 8: Pitch positioned Ava as 8x cheaper than manual concierges (‚Ç¨60k/year savings for 40 listings). Progress: partnership with Keynes (smart locks), outreach to larger property managers. Technical blocker: still not live on Booking, slowing growth.

Aug 11: Booking integration release delayed again, blocking paid conversions. Landing page upgraded with video guides and FAQs. Outreach yielding 7 new sign-ups this week (5 from cold calls, 20 from automated campaigns). Learning: engaged clients drive product forward, silent clients often churn. Need automated customer issue-tracking database.

Aug 15: Reported ‚Ç¨650 MRR, targeting ‚Ç¨800 next week. Partnership agreed with Key Nest (hardware lock partner). Clients highly value analytics features. Pitch feedback: missing long-term vision beyond current chatbot and ‚Ç¨25/listing model. Next focus: automate support, stabilize Booking integration, explore UK market.

Aug 22: Strong traction: ‚Ç¨2K MRR, 78% post-demo conversion, zero churn, 5 new clients/week. Signed Flex Living (700 listings, 3-year partner) and other domotics partnerships. Expanded into Italy/Spain. Feedback: highlight zero churn and multi-platform coverage; add market growth data.

Aug 29: Reported 35 customers, 800 listings, ‚Ç¨2K MRR. Solution positioned as AI co-pilot covering communication, reviews, scheduling, and staff coordination across Airbnb, Booking, WhatsApp, calls, and texts. Feedback from Salomon: strong product-market fit and sticky model, but missing roadmap from ‚Ç¨2K MRR to ‚Ç¨100K ARR and competitive landscape.","Maxime's Comment":"PROS:

TEAM:
By far the most hardworking and consistent team (always the earliest team in the office and last to leave).
The only team that share their weekly updates without reminders.
Great synergy - They are aligned on the vision and they get along very well.

EXECUTION:
High shipping velocity: they have launched over 70 features in 3 months after constant contact with customers.
Good traction: they've acquired 45 users, on 750 listings, and 3k MRR in less than 3 months.


CONS:
Complex market to achieve fast growth.
Unclear path to billion dollar business.","Committee":"Go"}}]}
